recv_time_ms,snapshot_id,seq_num,server_ts,latency_ms,jitter_ms
1765313818520,904,904,1765313818468,52,11
1765313818568,905,905,1765313818523,45,3
1765313818589,906,906,1765313818577,12,9
1765313818914,907,907,1765313818632,282,43
1765313818917,908,908,1765313818686,231,228
1765313818918,909,909,1765313818738,180,179
1765313818918,910,910,1765313818790,128,128
1765313818918,911,911,1765313818843,75,75
1765313818919,912,912,1765313818893,26,25
1765313818971,913,913,1765313818945,26,26
1765313819000,914,914,1765313819000,0,29
1765313819055,915,915,1765313819055,0,55
1765313819111,916,916,1765313819110,1,55
1765313819166,917,917,1765313819165,1,54
1765313819221,918,918,1765313819220,1,54
1765313819274,919,919,1765313819273,1,52
1765313819329,920,920,1765313819328,1,54
1765313819384,921,921,1765313819383,1,54
1765313819439,922,922,1765313819439,0,55
1765313819494,923,923,1765313819493,1,54
1765313819549,924,924,1765313819548,1,54
1765313819602,925,925,1765313819602,0,53
1765313819658,926,926,1765313819657,1,55
1765313819712,927,927,1765313819712,0,54
1765313819767,928,928,1765313819767,0,55
1765313819820,929,929,1765313819819,1,52
1765313819874,930,930,1765313819873,1,53
1765313819925,931,931,1765313819924,1,50
1765313819979,932,932,1765313819979,0,54
1765313820033,933,933,1765313820033,0,54
1765313820084,934,934,1765313820084,0,51
1765313820136,935,935,1765313820136,0,52
1765313820191,936,936,1765313820191,0,55
1765313820244,937,937,1765313820244,0,53
1765313820299,938,938,1765313820299,0,55
1765313820354,939,939,1765313820354,0,55
1765313820409,940,940,1765313820409,0,55
1765313820465,941,941,1765313820464,1,55
1765313820520,942,942,1765313820519,1,54
1765313820571,943,943,1765313820571,0,51
1765313820625,944,944,1765313820625,0,54
1765313820680,945,945,1765313820679,1,54
1765313820732,946,946,1765313820732,0,52
1765313820785,947,947,1765313820785,0,53
1765313820839,948,948,1765313820838,1,53
1765313820894,949,949,1765313820893,1,54
1765313820945,950,950,1765313820945,0,51
1765313821000,951,951,1765313821000,0,55
1765313821055,952,952,1765313821055,0,55
1765313821111,953,953,1765313821110,1,55
1765313821166,954,954,1765313821165,1,54
1765313821217,955,955,1765313821217,0,51
1765313821268,956,956,1765313821267,1,50
1765313821323,957,957,1765313821322,1,54
1765313821373,958,958,1765313821373,0,50
1765313821427,959,959,1765313821426,1,53
1765313821482,960,960,1765313821481,1,54
1765313821537,961,961,1765313821536,1,54
1765313821598,962,962,1765313821590,8,53
1765313821645,963,963,1765313821645,0,47
1765313821696,964,964,1765313821696,0,51
1765313821751,965,965,1765313821751,0,55
1765313821806,966,966,1765313821806,0,55
1765313821861,967,967,1765313821861,0,55
1765313821916,968,968,1765313821916,0,55
1765313821967,969,969,1765313821967,0,51
1765313822022,970,970,1765313822022,0,55
1765313822077,971,971,1765313822077,0,55
1765313822130,972,972,1765313822130,0,53
1765313822185,973,973,1765313822185,0,55
1765313822240,974,974,1765313822240,0,55
1765313822295,975,975,1765313822295,0,55
1765313822350,976,976,1765313822350,0,55
1765313822404,977,977,1765313822403,1,53
1765313822459,978,978,1765313822458,1,54
1765313822514,979,979,1765313822513,1,54
1765313822569,980,980,1765313822568,1,54
1765313822624,981,981,1765313822624,0,55
1765313822676,982,982,1765313822676,0,52
1765313822731,983,983,1765313822731,0,55
1765313822785,984,984,1765313822785,0,54
1765313822836,985,985,1765313822835,1,50
1765313822888,986,986,1765313822888,0,52
1765313822943,987,987,1765313822943,0,55
1765313822994,988,988,1765313822993,1,50
1765313823048,989,989,1765313823047,1,53
1765313823101,990,990,1765313823101,0,53
1765313823152,991,991,1765313823152,0,51
1765313823207,992,992,1765313823207,0,55
1765313823262,993,993,1765313823262,0,55
1765313823317,994,994,1765313823317,0,55
1765313823372,995,995,1765313823372,0,55
1765313823422,996,996,1765313823422,0,50
1765313823477,997,997,1765313823477,0,55
1765313823532,998,998,1765313823532,0,55
1765313823587,999,999,1765313823587,0,55
1765313823642,1000,1000,1765313823642,0,55
1765313823697,1001,1001,1765313823696,1,54
1765313823748,1002,1002,1765313823748,0,51
1765313823803,1003,1003,1765313823803,0,55
1765313823854,1004,1004,1765313823853,1,50
1765313823909,1005,1005,1765313823908,1,54
1765313823963,1006,1006,1765313823963,0,54
1765313824015,1007,1007,1765313824015,0,52
1765313824066,1008,1008,1765313824066,0,51
1765313824117,1009,1009,1765313824117,0,51
1765313824171,1010,1010,1765313824171,0,54
1765313824226,1011,1011,1765313824226,0,55
1765313824281,1012,1012,1765313824281,0,55
1765313824336,1013,1013,1765313824335,1,54
1765313824391,1014,1014,1765313824390,1,54
1765313824444,1015,1015,1765313824443,1,52
1765313824499,1016,1016,1765313824498,1,54
1765313824550,1017,1017,1765313824550,0,51
1765313824605,1018,1018,1765313824605,0,55
1765313824660,1019,1019,1765313824660,0,55
1765313824714,1020,1020,1765313824713,1,53
1765313824769,1021,1021,1765313824768,1,54
1765313824822,1022,1022,1765313824822,0,53
1765313824876,1023,1023,1765313824875,1,53
1765313824931,1024,1024,1765313824930,1,54
1765313824985,1025,1025,1765313824985,0,54
1765313825040,1026,1026,1765313825040,0,55
1765313825095,1027,1027,1765313825095,0,55
1765313825149,1028,1028,1765313825149,0,54
1765313825204,1029,1029,1765313825204,0,55
1765313825259,1030,1030,1765313825259,0,55
1765313825314,1031,1031,1765313825314,0,55
1765313825368,1032,1032,1765313825367,1,53
1765313825421,1033,1033,1765313825421,0,53
1765313825476,1034,1034,1765313825476,0,55
1765313825531,1035,1035,1765313825531,0,55
1765313825586,1036,1036,1765313825586,0,55
1765313825641,1037,1037,1765313825641,0,55
1765313825696,1038,1038,1765313825696,0,55
1765313825751,1039,1039,1765313825751,0,55
1765313825805,1040,1040,1765313825805,0,54
1765313825860,1041,1041,1765313825860,0,55
1765313825913,1042,1042,1765313825913,0,53
1765313825965,1043,1043,1765313825965,0,52
1765313826018,1044,1044,1765313826017,1,52
1765313826070,1045,1045,1765313826069,1,51
1765313826124,1046,1046,1765313826123,1,53
1765313826175,1047,1047,1765313826175,0,51
1765313826230,1048,1048,1765313826230,0,55
1765313826285,1049,1049,1765313826285,0,55
1765313826338,1050,1050,1765313826338,0,53
1765313826391,1051,1051,1765313826391,0,53
1765313826445,1052,1052,1765313826444,1,53
1765313826499,1053,1053,1765313826499,0,54
1765313826554,1054,1054,1765313826553,1,54
1765313826607,1055,1055,1765313826607,0,53
1765313826660,1056,1056,1765313826660,0,53
1765313826712,1057,1057,1765313826712,0,52
1765313826766,1058,1058,1765313826765,1,53
1765313826817,1059,1059,1765313826817,0,51
1765313826871,1060,1060,1765313826871,0,54
1765313826925,1061,1061,1765313826925,0,54
1765313826980,1062,1062,1765313826980,0,55
1765313827034,1063,1063,1765313827034,0,54
1765313827085,1064,1064,1765313827085,0,51
1765313827140,1065,1065,1765313827140,0,55
1765313827193,1066,1066,1765313827193,0,53
1765313827248,1067,1067,1765313827248,0,55
1765313827303,1068,1068,1765313827303,0,55
1765313827358,1069,1069,1765313827358,0,55
1765313827413,1070,1070,1765313827413,0,55
1765313827464,1071,1071,1765313827464,0,51
1765313827519,1072,1072,1765313827518,1,54
1765313827573,1073,1073,1765313827573,0,54
1765313827626,1074,1074,1765313827625,1,52
1765313827681,1075,1075,1765313827680,1,54
1765313827735,1076,1076,1765313827734,1,53
1765313827790,1077,1077,1765313827789,1,54
1765313827843,1078,1078,1765313827843,0,53
1765313827897,1079,1079,1765313827897,0,54
1765313827952,1080,1080,1765313827952,0,55
1765313828004,1081,1081,1765313828003,1,51
1765313828054,1082,1082,1765313828054,0,50
1765313828107,1083,1083,1765313828107,0,53
1765313828162,1084,1084,1765313828162,0,55
1765313828217,1085,1085,1765313828217,0,55
1765313828272,1086,1086,1765313828272,0,55
1765313828328,1087,1087,1765313828327,1,55
1765313828382,1088,1088,1765313828382,0,54
1765313828437,1089,1089,1765313828437,0,55
1765313828492,1090,1090,1765313828492,0,55
1765313828547,1091,1091,1765313828547,0,55
1765313828601,1092,1092,1765313828601,0,54
1765313828656,1093,1093,1765313828656,0,55
1765313828710,1094,1094,1765313828709,1,53
1765313828765,1095,1095,1765313828764,1,54
1765313828820,1096,1096,1765313828819,1,54
1765313828875,1097,1097,1765313828874,1,54
1765313828930,1098,1098,1765313828930,0,55
1765313828984,1099,1099,1765313828984,0,54
1765313829039,1100,1100,1765313829039,0,55
1765313829094,1101,1101,1765313829094,0,55
1765313829149,1102,1102,1765313829149,0,55
1765313829204,1103,1103,1765313829204,0,55
1765313829256,1104,1104,1765313829256,0,52
1765313829311,1105,1105,1765313829311,0,55
1765313829362,1106,1106,1765313829361,1,50
1765313829417,1107,1107,1765313829416,1,54
1765313829469,1108,1108,1765313829469,0,52
1765313829524,1109,1109,1765313829524,0,55
1765313829576,1110,1110,1765313829576,0,52
1765313829629,1111,1111,1765313829629,0,53
1765313829684,1112,1112,1765313829684,0,55
1765313829735,1113,1113,1765313829735,0,51
1765313829785,1114,1114,1765313829785,0,50
1765313829840,1115,1115,1765313829840,0,55
1765313829895,1116,1116,1765313829895,0,55
1765313829949,1117,1117,1765313829949,0,54
1765313830004,1118,1118,1765313830004,0,55
1765313830055,1119,1119,1765313830054,1,50
1765313830110,1120,1120,1765313830109,1,54
1765313830162,1121,1121,1765313830162,0,52
1765313830216,1122,1122,1765313830216,0,54
1765313830266,1123,1123,1765313830266,0,50
1765313830319,1124,1124,1765313830318,1,52
1765313830369,1125,1125,1765313830368,1,49
1765313830421,1126,1126,1765313830421,0,52
1765313830476,1127,1127,1765313830476,0,55
1765313830531,1128,1128,1765313830530,1,54
1765313830585,1129,1129,1765313830584,1,53
1765313830636,1130,1130,1765313830635,1,50
1765313830689,1131,1131,1765313830689,0,53
1765313830744,1132,1132,1765313830744,0,55
1765313830795,1133,1133,1765313830795,0,51
1765313830850,1134,1134,1765313830850,0,55
1765313830901,1135,1135,1765313830901,0,51
1765313830952,1136,1136,1765313830952,0,51
1765313831003,1137,1137,1765313831002,1,50
1765313831058,1138,1138,1765313831057,1,54
1765313831113,1139,1139,1765313831112,1,54
1765313831167,1140,1140,1765313831167,0,54
1765313831222,1141,1141,1765313831222,0,55
1765313831276,1142,1142,1765313831276,0,54
1765313831327,1143,1143,1765313831327,0,51
1765313831382,1144,1144,1765313831382,0,55
1765313831437,1145,1145,1765313831437,0,55
1765313831489,1146,1146,1765313831488,1,51
1765313831539,1147,1147,1765313831539,0,50
1765313831594,1148,1148,1765313831594,0,55
1765313831649,1149,1149,1765313831648,1,54
1765313831699,1150,1150,1765313831699,0,50
1765313831754,1151,1151,1765313831754,0,55
1765313831809,1152,1152,1765313831809,0,55
1765313831862,1153,1153,1765313831862,0,53
1765313831913,1154,1154,1765313831912,1,50
1765313831964,1155,1155,1765313831964,0,51
1765313832018,1156,1156,1765313832018,0,54
1765313832072,1157,1157,1765313832072,0,54
1765313832127,1158,1158,1765313832127,0,55
1765313832182,1159,1159,1765313832182,0,55
1765313832236,1160,1160,1765313832236,0,54
1765313832290,1161,1161,1765313832290,0,54
1765313832344,1162,1162,1765313832343,1,53
1765313832398,1163,1163,1765313832398,0,54
1765313832451,1164,1164,1765313832451,0,53
1765313832505,1165,1165,1765313832505,0,54
1765313832556,1166,1166,1765313832555,1,50
1765313832610,1167,1167,1765313832609,1,53
1765313832665,1168,1168,1765313832664,1,54
1765313832720,1169,1169,1765313832719,1,54
1765313832770,1170,1170,1765313832770,0,50
1765313832822,1171,1171,1765313832822,0,52
1765313832875,1172,1172,1765313832875,0,53
1765313832928,1173,1173,1765313832928,0,53
1765313832981,1174,1174,1765313832981,0,53
1765313833032,1175,1175,1765313833032,0,51
1765313833085,1176,1176,1765313833085,0,53
1765313833140,1177,1177,1765313833140,0,55
1765313833194,1178,1178,1765313833194,0,54
1765313833249,1179,1179,1765313833249,0,55
1765313833304,1180,1180,1765313833303,1,54
1765313833359,1181,1181,1765313833358,1,54
1765313833413,1182,1182,1765313833413,0,54
1765313833468,1183,1183,1765313833468,0,55
1765313833524,1184,1184,1765313833523,1,55
1765313833579,1185,1185,1765313833578,1,54
1765313833630,1186,1186,1765313833630,0,51
1765313833685,1187,1187,1765313833685,0,55
1765313833740,1188,1188,1765313833740,0,55
1765313833795,1189,1189,1765313833795,0,55
1765313833848,1190,1190,1765313833848,0,53
1765313833899,1191,1191,1765313833899,0,51
1765313833952,1192,1192,1765313833952,0,53
1765313834007,1193,1193,1765313834007,0,55
1765313834060,1194,1194,1765313834059,1,52
1765313834115,1195,1195,1765313834114,1,54
1765313834166,1196,1196,1765313834166,0,51
1765313834217,1197,1197,1765313834217,0,51
1765313834269,1198,1198,1765313834269,0,52
1765313834321,1199,1199,1765313834320,1,51
1765313834376,1200,1200,1765313834375,1,54
1765313834431,1201,1201,1765313834430,1,54
1765313834481,1202,1202,1765313834481,0,50
1765313834536,1203,1203,1765313834535,1,54
1765313834588,1204,1204,1765313834587,1,51
1765313834643,1205,1205,1765313834642,1,54
1765313834696,1206,1206,1765313834696,0,53
1765313834751,1207,1207,1765313834751,0,55
1765313834802,1208,1208,1765313834801,1,50
1765313834852,1209,1209,1765313834852,0,50
1765313834907,1210,1210,1765313834906,1,54
1765313834961,1211,1211,1765313834961,0,54
1765313835013,1212,1212,1765313835012,1,51
1765313835067,1213,1213,1765313835067,0,54
1765313835122,1214,1214,1765313835122,0,55
1765313835178,1215,1215,1765313835177,1,55
1765313835229,1216,1216,1765313835229,0,51
1765313835283,1217,1217,1765313835283,0,54
1765313835336,1218,1218,1765313835335,1,52
1765313835387,1219,1219,1765313835387,0,51
1765313835440,1220,1220,1765313835439,1,52
1765313835495,1221,1221,1765313835495,0,55
1765313835547,1222,1222,1765313835547,0,52
1765313835602,1223,1223,1765313835602,0,55
1765313835653,1224,1224,1765313835653,0,51
1765313835705,1225,1225,1765313835704,1,51
1765313835760,1226,1226,1765313835759,1,54
1765313835815,1227,1227,1765313835814,1,54
1765313835869,1228,1228,1765313835869,0,54
1765313835923,1229,1229,1765313835922,1,53
1765313835974,1230,1230,1765313835974,0,51
1765313836029,1231,1231,1765313836029,0,55
1765313836084,1232,1232,1765313836084,0,55
1765313836135,1233,1233,1765313836135,0,51
1765313836191,1234,1234,1765313836190,1,55
1765313836244,1235,1235,1765313836244,0,53
1765313836298,1236,1236,1765313836298,0,54
1765313836353,1237,1237,1765313836351,2,53
1765313836406,1238,1238,1765313836406,0,53
1765313836459,1239,1239,1765313836458,1,52
1765313836513,1240,1240,1765313836513,0,54
1765313836567,1241,1241,1765313836566,1,53
1765313836621,1242,1242,1765313836621,0,54
1765313836675,1243,1243,1765313836674,1,53
1765313836727,1244,1244,1765313836726,1,51
1765313836781,1245,1245,1765313836781,0,54
1765313836836,1246,1246,1765313836835,1,54
1765313836891,1247,1247,1765313836890,1,54
1765313836946,1248,1248,1765313836945,1,54
1765313837000,1249,1249,1765313837000,0,54
1765313837054,1250,1250,1765313837054,0,54
1765313837104,1251,1251,1765313837104,0,50
1765313837159,1252,1252,1765313837159,0,55
1765313837214,1253,1253,1765313837214,0,55
1765313837267,1254,1254,1765313837266,1,52
1765313837322,1255,1255,1765313837322,0,55
1765313837377,1256,1256,1765313837377,0,55
1765313837429,1257,1257,1765313837429,0,52
1765313837483,1258,1258,1765313837483,0,54
1765313837535,1259,1259,1765313837534,1,51
1765313837587,1260,1260,1765313837586,1,51
1765313837637,1261,1261,1765313837637,0,50
1765313837692,1262,1262,1765313837692,0,55
1765313837747,1263,1263,1765313837746,1,54
1765313837802,1264,1264,1765313837802,0,55
1765313837857,1265,1265,1765313837857,0,55
1765313837912,1266,1266,1765313837912,0,55
1765313837962,1267,1267,1765313837962,0,50
1765313838017,1268,1268,1765313838017,0,55
1765313838072,1269,1269,1765313838072,0,55
1765313838123,1270,1270,1765313838123,0,51
1765313838178,1271,1271,1765313838178,0,55
1765313838233,1272,1272,1765313838233,0,55
1765313838288,1273,1273,1765313838288,0,55
1765313838339,1274,1274,1765313838339,0,51
1765313838392,1275,1275,1765313838392,0,53
1765313838446,1276,1276,1765313838446,0,54
1765313838501,1277,1277,1765313838501,0,55
1765313838556,1278,1278,1765313838556,0,55
1765313838611,1279,1279,1765313838611,0,55
1765313838663,1280,1280,1765313838662,1,51
1765313838717,1281,1281,1765313838717,0,54
1765313838770,1282,1282,1765313838770,0,53
1765313838822,1283,1283,1765313838821,1,51
1765313838877,1284,1284,1765313838876,1,54
1765313838932,1285,1285,1765313838931,1,54
1765313838987,1286,1286,1765313838986,1,54
1765313839037,1287,1287,1765313839037,0,50
1765313839091,1288,1288,1765313839091,0,54
1765313839144,1289,1289,1765313839144,0,53
1765313839199,1290,1290,1765313839199,0,55
1765313839251,1291,1291,1765313839250,1,51
1765313839306,1292,1292,1765313839305,1,54
1765313839361,1293,1293,1765313839360,1,54
1765313839413,1294,1294,1765313839413,0,52
1765313839468,1295,1295,1765313839468,0,55
1765313839522,1296,1296,1765313839522,0,54
1765313839575,1297,1297,1765313839575,0,53
1765313839629,1298,1298,1765313839629,0,54
1765313839683,1299,1299,1765313839683,0,54
1765313839738,1300,1300,1765313839737,1,54
1765313839793,1301,1301,1765313839793,0,55
1765313839844,1302,1302,1765313839843,1,50
1765313839899,1303,1303,1765313839898,1,54
1765313839954,1304,1304,1765313839953,1,54
1765313840009,1305,1305,1765313840008,1,54
1765313840063,1306,1306,1765313840062,1,53
1765313840113,1307,1307,1765313840113,0,50
1765313840168,1308,1308,1765313840168,0,55
1765313840223,1309,1309,1765313840223,0,55
1765313840279,1310,1310,1765313840278,1,55
1765313840334,1311,1311,1765313840333,1,54
1765313840389,1312,1312,1765313840388,1,54
1765313840443,1313,1313,1765313840443,0,54
1765313840496,1314,1314,1765313840495,1,52
1765313840551,1315,1315,1765313840550,1,54
1765313840606,1316,1316,1765313840605,1,54
1765313840660,1317,1317,1765313840660,0,54
1765313840711,1318,1318,1765313840711,0,51
1765313840765,1319,1319,1765313840764,1,53
1765313840815,1320,1320,1765313840815,0,50
1765313840866,1321,1321,1765313840866,0,51
1765313840919,1322,1322,1765313840919,0,53
1765313840973,1323,1323,1765313840973,0,54
1765313841029,1324,1324,1765313841028,1,55
1765313841083,1325,1325,1765313841083,0,54
1765313841137,1326,1326,1765313841137,0,54
1765313841193,1327,1327,1765313841192,1,55
1765313841245,1328,1328,1765313841245,0,52
1765313841299,1329,1329,1765313841298,1,53
1765313841352,1330,1330,1765313841351,1,52
1765313841404,1331,1331,1765313841403,1,51
1765313841455,1332,1332,1765313841455,0,51
1765313841510,1333,1333,1765313841510,0,55
1765313841564,1334,1334,1765313841564,0,54
1765313841617,1335,1335,1765313841617,0,53
1765313841669,1336,1336,1765313841669,0,52
1765313841719,1337,1337,1765313841719,0,50
1765313841770,1338,1338,1765313841770,0,51
1765313841825,1339,1339,1765313841825,0,55
1765313841880,1340,1340,1765313841880,0,55
1765313841935,1341,1341,1765313841935,0,55
1765313841990,1342,1342,1765313841990,0,55
1765313842042,1343,1343,1765313842042,0,52
1765313842095,1344,1344,1765313842095,0,53
1765313842150,1345,1345,1765313842149,1,54
1765313842201,1346,1346,1765313842200,1,50
1765313842252,1347,1347,1765313842251,1,50
1765313842305,1348,1348,1765313842304,1,52
1765313842358,1349,1349,1765313842358,0,53
1765313842413,1350,1350,1765313842413,0,55
1765313842467,1351,1351,1765313842467,0,54
1765313842518,1352,1352,1765313842518,0,51
1765313842570,1353,1353,1765313842569,1,51
1765313842623,1354,1354,1765313842622,1,52
1765313842674,1355,1355,1765313842674,0,51
1765313842725,1356,1356,1765313842725,0,51
1765313842780,1357,1357,1765313842780,0,55
1765313842835,1358,1358,1765313842835,0,55
1765313842888,1359,1359,1765313842888,0,53
1765313842941,1360,1360,1765313842941,0,53
1765313842993,1361,1361,1765313842993,0,52
1765313843046,1362,1362,1765313843046,0,53
1765313843101,1363,1363,1765313843100,1,54
1765313843154,1364,1364,1765313843154,0,53
1765313843210,1365,1365,1765313843209,1,55
1765313843264,1366,1366,1765313843264,0,54
1765313843315,1367,1367,1765313843315,0,51
1765313843368,1368,1368,1765313843368,0,53
1765313843422,1369,1369,1765313843422,0,54
1765313843475,1370,1370,1765313843475,0,53
1765313843530,1371,1371,1765313843530,0,55
1765313843584,1372,1372,1765313843584,0,54
1765313843634,1373,1373,1765313843634,0,50
1765313843685,1374,1374,1765313843685,0,51
1765313843740,1375,1375,1765313843740,0,55
1765313843793,1376,1376,1765313843793,0,53
1765313843843,1377,1377,1765313843843,0,50
1765313843894,1378,1378,1765313843894,0,51
1765313843949,1379,1379,1765313843949,0,55
1765313844003,1380,1380,1765313844003,0,54
1765313844058,1381,1381,1765313844057,1,54
1765313844108,1382,1382,1765313844108,0,50
1765313844163,1383,1383,1765313844163,0,55
1765313844218,1384,1384,1765313844218,0,55
1765313844270,1385,1385,1765313844270,0,52
1765313844323,1386,1386,1765313844323,0,53
1765313844378,1387,1387,1765313844378,0,55
1765313844433,1388,1388,1765313844433,0,55
1765313844488,1389,1389,1765313844488,0,55
1765313844543,1390,1390,1765313844543,0,55
1765313844598,1391,1391,1765313844598,0,55
1765313844651,1392,1392,1765313844651,0,53
1765313844703,1393,1393,1765313844703,0,52
1765313844758,1394,1394,1765313844758,0,55
1765313844809,1395,1395,1765313844809,0,51
1765313844863,1396,1396,1765313844863,0,54
1765313844916,1397,1397,1765313844915,1,52
1765313844971,1398,1398,1765313844971,0,55
1765313845026,1399,1399,1765313845025,1,54
1765313845081,1400,1400,1765313845080,1,54
1765313845135,1401,1401,1765313845135,0,54
1765313845190,1402,1402,1765313845190,0,55
1765313845245,1403,1403,1765313845245,0,55
1765313845300,1404,1404,1765313845300,0,55
1765313845355,1405,1405,1765313845355,0,55
1765313845409,1406,1406,1765313845409,0,54
1765313845464,1407,1407,1765313845464,0,55
1765313845520,1408,1408,1765313845519,1,55
1765313845571,1409,1409,1765313845571,0,51
1765313845624,1410,1410,1765313845624,0,53
1765313845679,1411,1411,1765313845679,0,55
1765313845734,1412,1412,1765313845734,0,55
1765313845787,1413,1413,1765313845787,0,53
1765313845842,1414,1414,1765313845842,0,55
1765313845896,1415,1415,1765313845895,1,53
1765313845950,1416,1416,1765313845950,0,54
1765313846004,1417,1417,1765313846004,0,54
1765313846059,1418,1418,1765313846059,0,55
1765313846114,1419,1419,1765313846114,0,55
1765313846169,1420,1420,1765313846169,0,55
1765313846221,1421,1421,1765313846221,0,52
1765313846276,1422,1422,1765313846276,0,55
1765313846330,1423,1423,1765313846330,0,54
1765313846385,1424,1424,1765313846385,0,55
1765313846440,1425,1425,1765313846440,0,55
1765313846494,1426,1426,1765313846494,0,54
1765313846548,1427,1427,1765313846548,0,54
1765313846602,1428,1428,1765313846601,1,53
1765313846657,1429,1429,1765313846656,1,54
1765313846709,1430,1430,1765313846709,0,52
1765313846765,1431,1431,1765313846764,1,55
1765313846819,1432,1432,1765313846819,0,54
1765313846874,1433,1433,1765313846874,0,55
1765313846929,1434,1434,1765313846929,0,55
1765313846982,1435,1435,1765313846981,1,52
1765313847037,1436,1436,1765313847036,1,54
1765313847090,1437,1437,1765313847090,0,53
1765313847145,1438,1438,1765313847145,0,55
1765313847200,1439,1439,1765313847200,0,55
1765313847255,1440,1440,1765313847255,0,55
1765313847307,1441,1441,1765313847307,0,52
1765313847363,1442,1442,1765313847362,1,55
1765313847417,1443,1443,1765313847417,0,54
1765313847468,1444,1444,1765313847468,0,51
1765313847521,1445,1445,1765313847521,0,53
1765313847576,1446,1446,1765313847576,0,55
1765313847627,1447,1447,1765313847627,0,51
1765313847677,1448,1448,1765313847677,0,50
1765313847729,1449,1449,1765313847729,0,52
1765313847783,1450,1450,1765313847783,0,54
1765313847834,1451,1451,1765313847834,0,51
1765313847889,1452,1452,1765313847889,0,55
1765313847944,1453,1453,1765313847944,0,55
1765313847998,1454,1454,1765313847998,0,54
1765313848053,1455,1455,1765313848053,0,55
1765313848108,1456,1456,1765313848108,0,55
1765313848163,1457,1457,1765313848163,0,55
1765313848218,1458,1458,1765313848218,0,55
1765313848270,1459,1459,1765313848269,1,51
1765313848323,1460,1460,1765313848323,0,53
1765313848374,1461,1461,1765313848373,1,50
1765313848425,1462,1462,1765313848424,1,50
1765313848480,1463,1463,1765313848479,1,54
1765313848535,1464,1464,1765313848534,1,54
1765313848590,1465,1465,1765313848590,0,55
1765313848645,1466,1466,1765313848645,0,55
1765313848700,1467,1467,1765313848700,0,55
1765313848752,1468,1468,1765313848752,0,52
1765313848807,1469,1469,1765313848807,0,55
1765313848862,1470,1470,1765313848862,0,55
1765313848913,1471,1471,1765313848913,0,51
1765313848968,1472,1472,1765313848968,0,55
1765313849023,1473,1473,1765313849023,0,55
1765313849074,1474,1474,1765313849074,0,51
1765313849128,1475,1475,1765313849128,0,54
1765313849181,1476,1476,1765313849181,0,53
1765313849236,1477,1477,1765313849236,0,55
1765313849290,1478,1478,1765313849290,0,54
1765313849345,1479,1479,1765313849345,0,55
1765313849400,1480,1480,1765313849400,0,55
1765313849453,1481,1481,1765313849452,1,52
1765313849508,1482,1482,1765313849507,1,54
1765313849558,1483,1483,1765313849557,1,49
1765313849611,1484,1484,1765313849611,0,53
1765313849663,1485,1485,1765313849663,0,52
1765313849718,1486,1486,1765313849718,0,55
1765313849773,1487,1487,1765313849773,0,55
1765313849829,1488,1488,1765313849828,1,55
1765313849879,1489,1489,1765313849879,0,50
1765313849931,1490,1490,1765313849931,0,52
1765313849986,1491,1491,1765313849986,0,55
1765313850038,1492,1492,1765313850037,1,51
1765313850093,1493,1493,1765313850093,0,55
1765313850148,1494,1494,1765313850148,0,55
1765313850203,1495,1495,1765313850203,0,55
1765313850258,1496,1496,1765313850258,0,55
1765313850309,1497,1497,1765313850309,0,51
1765313850364,1498,1498,1765313850364,0,55
1765313850419,1499,1499,1765313850419,0,55
1765313850474,1500,1500,1765313850474,0,55
1765313850525,1501,1501,1765313850525,0,51
1765313850580,1502,1502,1765313850580,0,55
1765313850631,1503,1503,1765313850630,1,50
1765313850685,1504,1504,1765313850684,1,53
1765313850738,1505,1505,1765313850738,0,53
1765313850792,1506,1506,1765313850792,0,54
1765313850847,1507,1507,1765313850847,0,55
1765313850902,1508,1508,1765313850902,0,55
1765313850955,1509,1509,1765313850955,0,53
1765313851008,1510,1510,1765313851008,0,53
1765313851062,1511,1511,1765313851062,0,54
1765313851114,1512,1512,1765313851114,0,52
1765313851169,1513,1513,1765313851169,0,55
1765313851224,1514,1514,1765313851224,0,55
1765313851278,1515,1515,1765313851277,1,53
1765313851333,1516,1516,1765313851332,1,54
1765313851386,1517,1517,1765313851386,0,53
1765313851441,1518,1518,1765313851441,0,55
1765313851496,1519,1519,1765313851496,0,55
1765313851551,1520,1520,1765313851551,0,55
1765313851602,1521,1521,1765313851602,0,51
1765313851657,1522,1522,1765313851657,0,55
1765313851709,1523,1523,1765313851708,1,51
1765313851764,1524,1524,1765313851763,1,54
1765313851818,1525,1525,1765313851818,0,54
1765313851873,1526,1526,1765313851873,0,55
1765313851926,1527,1527,1765313851925,1,52
1765313851976,1528,1528,1765313851976,0,50
1765313852031,1529,1529,1765313852031,0,55
1765313852087,1530,1530,1765313852086,1,55
1765313852142,1531,1531,1765313852141,1,54
1765313852197,1532,1532,1765313852196,1,54
1765313852251,1533,1533,1765313852250,1,53
1765313852302,1534,1534,1765313852301,1,50
1765313852355,1535,1535,1765313852355,0,53
1765313852406,1536,1536,1765313852406,0,51
1765313852461,1537,1537,1765313852461,0,55
1765313852516,1538,1538,1765313852516,0,55
1765313852571,1539,1539,1765313852570,1,54
1765313852626,1540,1540,1765313852625,1,54
1765313852679,1541,1541,1765313852679,0,53
1765313852731,1542,1542,1765313852731,0,52
1765313852785,1543,1543,1765313852785,0,54
1765313852840,1544,1544,1765313852840,0,55
1765313852895,1545,1545,1765313852895,0,55
1765313852946,1546,1546,1765313852946,0,51
1765313853001,1547,1547,1765313853000,1,54
1765313853054,1548,1548,1765313853053,1,52
1765313853108,1549,1549,1765313853108,0,54
1765313853158,1550,1550,1765313853158,0,50
1765313853213,1551,1551,1765313853213,0,55
1765313853265,1552,1552,1765313853265,0,52
1765313853320,1553,1553,1765313853320,0,55
1765313853375,1554,1554,1765313853375,0,55
1765313853427,1555,1555,1765313853427,0,52
1765313853482,1556,1556,1765313853482,0,55
1765313853537,1557,1557,1765313853537,0,55
1765313853590,1558,1558,1765313853589,1,52
1765313853645,1559,1559,1765313853644,1,54
1765313853696,1560,1560,1765313853696,0,51
1765313853750,1561,1561,1765313853750,0,54
1765313853805,1562,1562,1765313853805,0,55
1765313853860,1563,1563,1765313853860,0,55
1765313853913,1564,1564,1765313853913,0,53
1765313853968,1565,1565,1765313853968,0,55
1765313854023,1566,1566,1765313854023,0,55
1765313854076,1567,1567,1765313854076,0,53
1765313854131,1568,1568,1765313854131,0,55
1765313854185,1569,1569,1765313854185,0,54
1765313854238,1570,1570,1765313854238,0,53
1765313854293,1571,1571,1765313854292,1,54
1765313854344,1572,1572,1765313854344,0,51
1765313854399,1573,1573,1765313854399,0,55
1765313854451,1574,1574,1765313854451,0,52
1765313854507,1575,1575,1765313854506,1,55
1765313854557,1576,1576,1765313854557,0,50
1765313854612,1577,1577,1765313854612,0,55
1765313854665,1578,1578,1765313854665,0,53
1765313854716,1579,1579,1765313854715,1,50
1765313854770,1580,1580,1765313854769,1,53
1765313854823,1581,1581,1765313854823,0,53
1765313854876,1582,1582,1765313854876,0,53
1765313854929,1583,1583,1765313854928,1,52
1765313854984,1584,1584,1765313854983,1,54
1765313855037,1585,1585,1765313855037,0,53
1765313855090,1586,1586,1765313855090,0,53
1765313855142,1587,1587,1765313855141,1,51
1765313855197,1588,1588,1765313855196,1,54
1765313855252,1589,1589,1765313855251,1,54
1765313855303,1590,1590,1765313855303,0,51
1765313855355,1591,1591,1765313855355,0,52
1765313855410,1592,1592,1765313855410,0,55
1765313855465,1593,1593,1765313855465,0,55
1765313855520,1594,1594,1765313855520,0,55
1765313855571,1595,1595,1765313855570,1,50
1765313855626,1596,1596,1765313855625,1,54
1765313855678,1597,1597,1765313855678,0,52
1765313855734,1598,1598,1765313855733,1,55
1765313855785,1599,1599,1765313855785,0,51
1765313855837,1600,1600,1765313855837,0,52
1765313855892,1601,1601,1765313855892,0,55
1765313855946,1602,1602,1765313855946,0,54
1765313856002,1603,1603,1765313856001,1,55
1765313856053,1604,1604,1765313856053,0,51
1765313856108,1605,1605,1765313856108,0,55
1765313856163,1606,1606,1765313856163,0,55
1765313856215,1607,1607,1765313856215,0,52
1765313856271,1608,1608,1765313856270,1,55
1765313856324,1609,1609,1765313856324,0,53
1765313856379,1610,1610,1765313856379,0,55
1765313856433,1611,1611,1765313856433,0,54
1765313856485,1612,1612,1765313856485,0,52
1765313856540,1613,1613,1765313856540,0,55
1765313856594,1614,1614,1765313856594,0,54
1765313856649,1615,1615,1765313856649,0,55
1765313856701,1616,1616,1765313856700,1,51
1765313856756,1617,1617,1765313856755,1,54
1765313856807,1618,1618,1765313856807,0,51
1765313856861,1619,1619,1765313856861,0,54
1765313856916,1620,1620,1765313856916,0,55
1765313856967,1621,1621,1765313856967,0,51
1765313857022,1622,1622,1765313857022,0,55
1765313857076,1623,1623,1765313857076,0,54
1765313857126,1624,1624,1765313857126,0,50
1765313857181,1625,1625,1765313857181,0,55
1765313857234,1626,1626,1765313857234,0,53
1765313857289,1627,1627,1765313857288,1,54
1765313857344,1628,1628,1765313857343,1,54
1765313857398,1629,1629,1765313857398,0,54
1765313857453,1630,1630,1765313857453,0,55
1765313857504,1631,1631,1765313857504,0,51
1765313857558,1632,1632,1765313857557,1,53
1765313857613,1633,1633,1765313857612,1,54
1765313857668,1634,1634,1765313857667,1,54
1765313857723,1635,1635,1765313857722,1,54
1765313857774,1636,1636,1765313857774,0,51
1765313857829,1637,1637,1765313857829,0,55
1765313857879,1638,1638,1765313857879,0,50
1765313857934,1639,1639,1765313857934,0,55
1765313857989,1640,1640,1765313857988,1,54
1765313858043,1641,1641,1765313858042,1,53
1765313858094,1642,1642,1765313858093,1,50
1765313858146,1643,1643,1765313858146,0,52
1765313858198,1644,1644,1765313858198,0,52
1765313858252,1645,1645,1765313858252,0,54
1765313858307,1646,1646,1765313858307,0,55
1765313858360,1647,1647,1765313858359,1,52
1765313858413,1648,1648,1765313858413,0,53
1765313858468,1649,1649,1765313858468,0,55
1765313858523,1650,1650,1765313858523,0,55
1765313858578,1651,1651,1765313858578,0,55
1765313858629,1652,1652,1765313858629,0,51
1765313858684,1653,1653,1765313858684,0,55
1765313858735,1654,1654,1765313858735,0,51
1765313858790,1655,1655,1765313858789,1,54
1765313858845,1656,1656,1765313858844,1,54
1765313858900,1657,1657,1765313858899,1,54
1765313858952,1658,1658,1765313858951,1,51
1765313859007,1659,1659,1765313859007,0,55
1765313859060,1660,1660,1765313859060,0,53
1765313859115,1661,1661,1765313859115,0,55
1765313859168,1662,1662,1765313859168,0,53
1765313859224,1663,1663,1765313859223,1,55
1765313859276,1664,1664,1765313859276,0,52
1765313859328,1665,1665,1765313859328,0,52
1765313859380,1666,1666,1765313859380,0,52
1765313859435,1667,1667,1765313859435,0,55
1765313859490,1668,1668,1765313859490,0,55
1765313859543,1669,1669,1765313859543,0,53
1765313859598,1670,1670,1765313859598,0,55
1765313859653,1671,1671,1765313859653,0,55
1765313859708,1672,1672,1765313859708,0,55
1765313859763,1673,1673,1765313859763,0,55
1765313859818,1674,1674,1765313859818,0,55
1765313859871,1675,1675,1765313859870,1,52
1765313859926,1676,1676,1765313859926,0,55
1765313859981,1677,1677,1765313859981,0,55
1765313860036,1678,1678,1765313860036,0,55
1765313860089,1679,1679,1765313860089,0,53
1765313860140,1680,1680,1765313860140,0,51
1765313860194,1681,1681,1765313860194,0,54
1765313860249,1682,1682,1765313860249,0,55
1765313860304,1683,1683,1765313860304,0,55
1765313860359,1684,1684,1765313860359,0,55
1765313860413,1685,1685,1765313860413,0,54
1765313860468,1686,1686,1765313860468,0,55
1765313860523,1687,1687,1765313860523,0,55
1765313860578,1688,1688,1765313860578,0,55
1765313860632,1689,1689,1765313860632,0,54
1765313860687,1690,1690,1765313860687,0,55
1765313860742,1691,1691,1765313860742,0,55
1765313860797,1692,1692,1765313860797,0,55
1765313860852,1693,1693,1765313860852,0,55
1765313860907,1694,1694,1765313860907,0,55
1765313860958,1695,1695,1765313860957,1,50
1765313861010,1696,1696,1765313861010,0,52
1765313861065,1697,1697,1765313861065,0,55
1765313861118,1698,1698,1765313861117,1,52
1765313861171,1699,1699,1765313861171,0,53
1765313861224,1700,1700,1765313861223,1,52
1765313861278,1701,1701,1765313861278,0,54
1765313861333,1702,1702,1765313861333,0,55
1765313861383,1703,1703,1765313861383,0,50
1765313861438,1704,1704,1765313861437,1,54
1765313861489,1705,1705,1765313861489,0,51
1765313861544,1706,1706,1765313861544,0,55
1765313861595,1707,1707,1765313861595,0,51
1765313861650,1708,1708,1765313861650,0,55
1765313861702,1709,1709,1765313861701,1,51
1765313861757,1710,1710,1765313861757,0,55
1765313861808,1711,1711,1765313861808,0,51
1765313861863,1712,1712,1765313861863,0,55
1765313861914,1713,1713,1765313861914,0,51
1765313861968,1714,1714,1765313861968,0,54
1765313862023,1715,1715,1765313862023,0,55
1765313862077,1716,1716,1765313862077,0,54
1765313862132,1717,1717,1765313862132,0,55
1765313862187,1718,1718,1765313862187,0,55
1765313862241,1719,1719,1765313862241,0,54
1765313862292,1720,1720,1765313862292,0,51
1765313862347,1721,1721,1765313862347,0,55
1765313862402,1722,1722,1765313862402,0,55
1765313862457,1723,1723,1765313862457,0,55
1765313862512,1724,1724,1765313862512,0,55
1765313862567,1725,1725,1765313862567,0,55
1765313862618,1726,1726,1765313862617,1,50
1765313862671,1727,1727,1765313862671,0,53
1765313862724,1728,1728,1765313862723,1,52
1765313862778,1729,1729,1765313862778,0,54
1765313862832,1730,1730,1765313862832,0,54
1765313862887,1731,1731,1765313862887,0,55
1765313862937,1732,1732,1765313862937,0,50
1765313862992,1733,1733,1765313862992,0,55
1765313863047,1734,1734,1765313863047,0,55
1765313863102,1735,1735,1765313863102,0,55
1765313863157,1736,1736,1765313863157,0,55
1765313863212,1737,1737,1765313863212,0,55
1765313863267,1738,1738,1765313863267,0,55
1765313863322,1739,1739,1765313863322,0,55
1765313863375,1740,1740,1765313863374,1,52
1765313863430,1741,1741,1765313863429,1,54
1765313863485,1742,1742,1765313863484,1,54
1765313863540,1743,1743,1765313863539,1,54
1765313863595,1744,1744,1765313863594,1,54
1765313863650,1745,1745,1765313863649,1,54
1765313863703,1746,1746,1765313863702,1,52
1765313863758,1747,1747,1765313863757,1,54
1765313863811,1748,1748,1765313863811,0,53
1765313863866,1749,1749,1765313863866,0,55
1765313863920,1750,1750,1765313863920,0,54
1765313863974,1751,1751,1765313863974,0,54
1765313864029,1752,1752,1765313864029,0,55
1765313864084,1753,1753,1765313864084,0,55
1765313864135,1754,1754,1765313864134,1,50
1765313864185,1755,1755,1765313864185,0,50
1765313864240,1756,1756,1765313864240,0,55
1765313864295,1757,1757,1765313864295,0,55
1765313864350,1758,1758,1765313864350,0,55
1765313864405,1759,1759,1765313864405,0,55
1765313864459,1760,1760,1765313864459,0,54
1765313864512,1761,1761,1765313864512,0,53
1765313864566,1762,1762,1765313864566,0,54
1765313864619,1763,1763,1765313864619,0,53
1765313864670,1764,1764,1765313864669,1,50
1765313864725,1765,1765,1765313864724,1,54
1765313864779,1766,1766,1765313864779,0,54
1765313864832,1767,1767,1765313864830,2,51
1765313864886,1768,1768,1765313864885,1,53
1765313864941,1769,1769,1765313864940,1,54
1765313864991,1770,1770,1765313864991,0,50
1765313865046,1771,1771,1765313865045,1,54
1765313865096,1772,1772,1765313865096,0,50
1765313865151,1773,1773,1765313865151,0,55
1765313865202,1774,1774,1765313865202,0,51
1765313865257,1775,1775,1765313865257,0,55
1765313865312,1776,1776,1765313865312,0,55
1765313865367,1777,1777,1765313865366,1,54
1765313865418,1778,1778,1765313865418,0,51
1765313865473,1779,1779,1765313865473,0,55
1765313865527,1780,1780,1765313865527,0,54
1765313865582,1781,1781,1765313865582,0,55
1765313865635,1782,1782,1765313865634,1,52
1765313865686,1783,1783,1765313865685,1,50
1765313865739,1784,1784,1765313865739,0,53
1765313865793,1785,1785,1765313865793,0,54
1765313865847,1786,1786,1765313865847,0,54
1765313865899,1787,1787,1765313865899,0,52
1765313865952,1788,1788,1765313865952,0,53
1765313866004,1789,1789,1765313866004,0,52
1765313866059,1790,1790,1765313866059,0,55
1765313866114,1791,1791,1765313866114,0,55
1765313866168,1792,1792,1765313866168,0,54
1765313866219,1793,1793,1765313866219,0,51
1765313866274,1794,1794,1765313866273,1,54
1765313866328,1795,1795,1765313866328,0,54
1765313866383,1796,1796,1765313866383,0,55
1765313866438,1797,1797,1765313866437,1,54
1765313866493,1798,1798,1765313866492,1,54
1765313866546,1799,1799,1765313866546,0,53
1765313866600,1800,1800,1765313866600,0,54
1765313866652,1801,1801,1765313866651,1,51
1765313866706,1802,1802,1765313866706,0,54
1765313866761,1803,1803,1765313866761,0,55
1765313866813,1804,1804,1765313866813,0,52
1765313866869,1805,1805,1765313866868,1,55
1765313866923,1806,1806,1765313866923,0,54
1765313866976,1807,1807,1765313866976,0,53
1765313867030,1808,1808,1765313867029,1,53
1765313867083,1809,1809,1765313867083,0,53
1765313867134,1810,1810,1765313867134,0,51
1765313867184,1811,1811,1765313867184,0,50
1765313867239,1812,1812,1765313867239,0,55
1765313867291,1813,1813,1765313867291,0,52
1765313867346,1814,1814,1765313867346,0,55
1765313867398,1815,1815,1765313867398,0,52
1765313867452,1816,1816,1765313867451,1,53
1765313867504,1817,1817,1765313867504,0,52
1765313867559,1818,1818,1765313867559,0,55
1765313867614,1819,1819,1765313867614,0,55
1765313867669,1820,1820,1765313867669,0,55
1765313867719,1821,1821,1765313867719,0,50
1765313867774,1822,1822,1765313867774,0,55
1765313867826,1823,1823,1765313867826,0,52
1765313867877,1824,1824,1765313867877,0,51
1765313867928,1825,1825,1765313867928,0,51
1765313867983,1826,1826,1765313867983,0,55
1765313868035,1827,1827,1765313868035,0,52
1765313868090,1828,1828,1765313868090,0,55
1765313868145,1829,1829,1765313868145,0,55
1765313868200,1830,1830,1765313868200,0,55
1765313868255,1831,1831,1765313868255,0,55
1765313868310,1832,1832,1765313868309,1,54
1765313868364,1833,1833,1765313868363,1,53
1765313868418,1834,1834,1765313868418,0,54
1765313868470,1835,1835,1765313868470,0,52
1765313868526,1836,1836,1765313868525,1,55
1765313868576,1837,1837,1765313868576,0,50
1765313868629,1838,1838,1765313868629,0,53
1765313868684,1839,1839,1765313868684,0,55
1765313868739,1840,1840,1765313868739,0,55
1765313868794,1841,1841,1765313868794,0,55
1765313868850,1842,1842,1765313868849,1,55
1765313868905,1843,1843,1765313868904,1,54
1765313868958,1844,1844,1765313868958,0,53
1765313869013,1845,1845,1765313869013,0,55
1765313869064,1846,1846,1765313869064,0,51
1765313869118,1847,1847,1765313869118,0,54
1765313869171,1848,1848,1765313869170,1,52
1765313869224,1849,1849,1765313869223,1,52
1765313869276,1850,1850,1765313869276,0,52
1765313869328,1851,1851,1765313869328,0,52
1765313869381,1852,1852,1765313869381,0,53
1765313869436,1853,1853,1765313869435,1,54
1765313869490,1854,1854,1765313869490,0,54
1765313869545,1855,1855,1765313869545,0,55
1765313869597,1856,1856,1765313869596,1,51
1765313869648,1857,1857,1765313869647,1,50
1765313869702,1858,1858,1765313869702,0,54
1765313869757,1859,1859,1765313869757,0,55
1765313869810,1860,1860,1765313869810,0,53
1765313869865,1861,1861,1765313869865,0,55
1765313869920,1862,1862,1765313869920,0,55
1765313869973,1863,1863,1765313869973,0,53
1765313870027,1864,1864,1765313870027,0,54
1765313870078,1865,1865,1765313870077,1,50
1765313870132,1866,1866,1765313870132,0,54
1765313870183,1867,1867,1765313870183,0,51
1765313870238,1868,1868,1765313870238,0,55
1765313870291,1869,1869,1765313870291,0,53
1765313870345,1870,1870,1765313870345,0,54
1765313870400,1871,1871,1765313870400,0,55
1765313870455,1872,1872,1765313870455,0,55
1765313870510,1873,1873,1765313870510,0,55
1765313870562,1874,1874,1765313870562,0,52
1765313870616,1875,1875,1765313870616,0,54
1765313870670,1876,1876,1765313870670,0,54
1765313870720,1877,1877,1765313870720,0,50
1765313870770,1878,1878,1765313870770,0,50
1765313870823,1879,1879,1765313870823,0,53
1765313870878,1880,1880,1765313870878,0,55
1765313870933,1881,1881,1765313870933,0,55
1765313870988,1882,1882,1765313870988,0,55
1765313871042,1883,1883,1765313871042,0,54
1765313871096,1884,1884,1765313871096,0,54
1765313871148,1885,1885,1765313871148,0,52
1765313871203,1886,1886,1765313871203,0,55
1765313871257,1887,1887,1765313871257,0,54
1765313871312,1888,1888,1765313871312,0,55
1765313871367,1889,1889,1765313871367,0,55
1765313871421,1890,1890,1765313871420,1,53
1765313871476,1891,1891,1765313871473,3,52
1765313871529,1892,1892,1765313871529,0,53
1765313871584,1893,1893,1765313871584,0,55
1765313871639,1894,1894,1765313871639,0,55
1765313871694,1895,1895,1765313871694,0,55
1765313871749,1896,1896,1765313871749,0,55
1765313871803,1897,1897,1765313871803,0,54
1765313871854,1898,1898,1765313871853,1,50
1765313871909,1899,1899,1765313871908,1,54
1765313871964,1900,1900,1765313871963,1,54
1765313872020,1901,1901,1765313872018,2,54
1765313872070,1902,1902,1765313872069,1,49
1765313872125,1903,1903,1765313872124,1,54
1765313872179,1904,1904,1765313872179,0,54
1765313872234,1905,1905,1765313872234,0,55
1765313872289,1906,1906,1765313872289,0,55
1765313872342,1907,1907,1765313872342,0,53
1765313872392,1908,1908,1765313872392,0,50
1765313872444,1909,1909,1765313872443,1,51
1765313872498,1910,1910,1765313872498,0,54
1765313872551,1911,1911,1765313872551,0,53
1765313872606,1912,1912,1765313872606,0,55
1765313872662,1913,1913,1765313872661,1,55
1765313872716,1914,1914,1765313872716,0,54
1765313872771,1915,1915,1765313872771,0,55
1765313872826,1916,1916,1765313872826,0,55
1765313872882,1917,1917,1765313872881,1,55
1765313872935,1918,1918,1765313872934,1,52
1765313872990,1919,1919,1765313872989,1,54
1765313873044,1920,1920,1765313873043,1,53
1765313873098,1921,1921,1765313873098,0,54
1765313873152,1922,1922,1765313873152,0,54
1765313873204,1923,1923,1765313873204,0,52
1765313873259,1924,1924,1765313873259,0,55
1765313873312,1925,1925,1765313873312,0,53
1765313873367,1926,1926,1765313873366,1,54
1765313873418,1927,1927,1765313873418,0,51
1765313873470,1928,1928,1765313873469,1,51
1765313873525,1929,1929,1765313873524,1,54
1765313873575,1930,1930,1765313873575,0,50
1765313873629,1931,1931,1765313873629,0,54
1765313873682,1932,1932,1765313873681,1,52
1765313873737,1933,1933,1765313873737,0,55
1765313873792,1934,1934,1765313873791,1,54
1765313873846,1935,1935,1765313873845,1,53
1765313873900,1936,1936,1765313873900,0,54
1765313873956,1937,1937,1765313873955,1,55
1765313874011,1938,1938,1765313874010,1,54
1765313874066,1939,1939,1765313874065,1,54
1765313874116,1940,1940,1765313874116,0,50
1765313874171,1941,1941,1765313874170,1,54
1765313874222,1942,1942,1765313874222,0,51
1765313874276,1943,1943,1765313874276,0,54
1765313874331,1944,1944,1765313874331,0,55
1765313874386,1945,1945,1765313874386,0,55
1765313874441,1946,1946,1765313874441,0,55
1765313874494,1947,1947,1765313874494,0,53
1765313874546,1948,1948,1765313874546,0,52
1765313874598,1949,1949,1765313874598,0,52
1765313874651,1950,1950,1765313874651,0,53
1765313874702,1951,1951,1765313874702,0,51
1765313874757,1952,1952,1765313874757,0,55
1765313874812,1953,1953,1765313874812,0,55
1765313874867,1954,1954,1765313874867,0,55
1765313874922,1955,1955,1765313874921,1,54
1765313874977,1956,1956,1765313874977,0,55
1765313875028,1957,1957,1765313875027,1,50
1765313875078,1958,1958,1765313875078,0,50
1765313875131,1959,1959,1765313875131,0,53
1765313875186,1960,1960,1765313875186,0,55
1765313875241,1961,1961,1765313875241,0,55
1765313875296,1962,1962,1765313875296,0,55
1765313875349,1963,1963,1765313875349,0,53
1765313875404,1964,1964,1765313875404,0,55
1765313875459,1965,1965,1765313875459,0,55
1765313875515,1966,1966,1765313875514,1,55
1765313875570,1967,1967,1765313875569,1,54
1765313875624,1968,1968,1765313875624,0,54
1765313875678,1969,1969,1765313875678,0,54
1765313875734,1970,1970,1765313875733,1,55
1765313875788,1971,1971,1765313875788,0,54
1765313875841,1972,1972,1765313875840,1,52
1765313875894,1973,1973,1765313875894,0,53
1765313875949,1974,1974,1765313875949,0,55
1765313876004,1975,1975,1765313876004,0,55
1765313876056,1976,1976,1765313876056,0,52
1765313876107,1977,1977,1765313876107,0,51
1765313876162,1978,1978,1765313876162,0,55
1765313876213,1979,1979,1765313876213,0,51
1765313876269,1980,1980,1765313876268,1,55
1765313876323,1981,1981,1765313876323,0,54
1765313876374,1982,1982,1765313876373,1,50
1765313876429,1983,1983,1765313876428,1,54
1765313876480,1984,1984,1765313876480,0,51
1765313876535,1985,1985,1765313876535,0,55
1765313876590,1986,1986,1765313876590,0,55
1765313876640,1987,1987,1765313876640,0,50
1765313876694,1988,1988,1765313876694,0,54
1765313876748,1989,1989,1765313876748,0,54
1765313876803,1990,1990,1765313876803,0,55
1765313876858,1991,1991,1765313876858,0,55
1765313876909,1992,1992,1765313876909,0,51
1765313876964,1993,1993,1765313876964,0,55
1765313877019,1994,1994,1765313877019,0,55
1765313877071,1995,1995,1765313877070,1,51
1765313877121,1996,1996,1765313877121,0,50
1765313877172,1997,1997,1765313877172,0,51
1765313877224,1998,1998,1765313877223,1,51
1765313877276,1999,1999,1765313877276,0,52
1765313877331,2000,2000,1765313877331,0,55
1765313877386,2001,2001,1765313877386,0,55
1765313877441,2002,2002,1765313877441,0,55
1765313877496,2003,2003,1765313877496,0,55
1765313877549,2004,2004,1765313877549,0,53
1765313877604,2005,2005,1765313877604,0,55
1765313877659,2006,2006,1765313877659,0,55
1765313877712,2007,2007,1765313877712,0,53
1765313877764,2008,2008,1765313877763,1,51
1765313877818,2009,2009,1765313877818,0,54
1765313877870,2010,2010,1765313877870,0,52
1765313877924,2011,2011,1765313877924,0,54
1765313877979,2012,2012,1765313877979,0,55
1765313878034,2013,2013,1765313878034,0,55
1765313878086,2014,2014,1765313878085,1,51
1765313878141,2015,2015,1765313878140,1,54
1765313878196,2016,2016,1765313878195,1,54
1765313878250,2017,2017,1765313878250,0,54
1765313878305,2018,2018,1765313878304,1,54
1765313878360,2019,2019,1765313878360,0,55
1765313878413,2020,2020,1765313878412,1,52
1765313878467,2021,2021,1765313878467,0,54
1765313878522,2022,2022,1765313878522,0,55
1765313878573,2023,2023,1765313878573,0,51
1765313878625,2024,2024,1765313878625,0,52
1765313878680,2025,2025,1765313878680,0,55
1765313878734,2026,2026,1765313878734,0,54
1765313878789,2027,2027,1765313878789,0,55
1765313878844,2028,2028,1765313878844,0,55
1765313878899,2029,2029,1765313878899,0,55
1765313878953,2030,2030,1765313878953,0,54
1765313879008,2031,2031,1765313879008,0,55
1765313879058,2032,2032,1765313879058,0,50
1765313879109,2033,2033,1765313879108,1,50
1765313879163,2034,2034,1765313879163,0,54
1765313879214,2035,2035,1765313879214,0,51
1765313879266,2036,2036,1765313879266,0,52
1765313879321,2037,2037,1765313879321,0,55
1765313879373,2038,2038,1765313879373,0,52
1765313879428,2039,2039,1765313879428,0,55
1765313879484,2040,2040,1765313879483,1,55
1765313879538,2041,2041,1765313879538,0,54
1765313879593,2042,2042,1765313879593,0,55
1765313879645,2043,2043,1765313879645,0,52
1765313879695,2044,2044,1765313879695,0,50
1765313879745,2045,2045,1765313879745,0,50
1765313879800,2046,2046,1765313879800,0,55
1765313879853,2047,2047,1765313879853,0,53
1765313879904,2048,2048,1765313879904,0,51
1765313879959,2049,2049,1765313879958,1,54
1765313880014,2050,2050,1765313880013,1,54
1765313880069,2051,2051,1765313880068,1,54
1765313880124,2052,2052,1765313880123,1,54
1765313880179,2053,2053,1765313880179,0,55
1765313880234,2054,2054,1765313880234,0,55
1765313880286,2055,2055,1765313880286,0,52
1765313880341,2056,2056,1765313880341,0,55
1765313880395,2057,2057,1765313880394,1,53
1765313880450,2058,2058,1765313880449,1,54
1765313880505,2059,2059,1765313880505,0,55
1765313880560,2060,2060,1765313880560,0,55
1765313880615,2061,2061,1765313880615,0,55
1765313880668,2062,2062,1765313880668,0,53
1765313880723,2063,2063,1765313880723,0,55
1765313880778,2064,2064,1765313880778,0,55
1765313880832,2065,2065,1765313880832,0,54
1765313880884,2066,2066,1765313880883,1,51
1765313880935,2067,2067,1765313880934,1,50
1765313880987,2068,2068,1765313880987,0,52
1765313881042,2069,2069,1765313881042,0,55
1765313881093,2070,2070,1765313881092,1,50
1765313881147,2071,2071,1765313881147,0,54
1765313881197,2072,2072,1765313881197,0,50
1765313881251,2073,2073,1765313881251,0,54
1765313881306,2074,2074,1765313881306,0,55
1765313881357,2075,2075,1765313881357,0,51
1765313881411,2076,2076,1765313881411,0,54
1765313881461,2077,2077,1765313881461,0,50
1765313881518,2078,2078,1765313881516,2,55
1765313881568,2079,2079,1765313881567,1,49
1765313881618,2080,2080,1765313881618,0,50
1765313881669,2081,2081,1765313881669,0,51
1765313881724,2082,2082,1765313881724,0,55
1765313881775,2083,2083,1765313881775,0,51
1765313881828,2084,2084,1765313881827,1,52
1765313881883,2085,2085,1765313881882,1,54
1765313881934,2086,2086,1765313881933,1,50
1765313881984,2087,2087,1765313881983,1,49
1765313882038,2088,2088,1765313882038,0,54
1765313882093,2089,2089,1765313882093,0,55
1765313882146,2090,2090,1765313882146,0,53
1765313882199,2091,2091,1765313882199,0,53
1765313882254,2092,2092,1765313882254,0,55
1765313882305,2093,2093,1765313882304,1,50
1765313882360,2094,2094,1765313882359,1,54
1765313882411,2095,2095,1765313882411,0,51
1765313882463,2096,2096,1765313882463,0,52
1765313882516,2097,2097,1765313882515,1,52
1765313882571,2098,2098,1765313882570,1,54
1765313882626,2099,2099,1765313882625,1,54
1765313882679,2100,2100,1765313882679,0,53
1765313882733,2101,2101,1765313882733,0,54
1765313882788,2102,2102,1765313882788,0,55
1765313882843,2103,2103,1765313882843,0,55
1765313882898,2104,2104,1765313882898,0,55
1765313882951,2105,2105,1765313882951,0,53
1765313883006,2106,2106,1765313883006,0,55
1765313883061,2107,2107,1765313883061,0,55
1765313883116,2108,2108,1765313883116,0,55
1765313883171,2109,2109,1765313883171,0,55
1765313883226,2110,2110,1765313883226,0,55
1765313883278,2111,2111,1765313883278,0,52
1765313883333,2112,2112,1765313883333,0,55
1765313883384,2113,2113,1765313883384,0,51
1765313883439,2114,2114,1765313883439,0,55
1765313883494,2115,2115,1765313883494,0,55
1765313883549,2116,2116,1765313883549,0,55
1765313883602,2117,2117,1765313883602,0,53
1765313883657,2118,2118,1765313883657,0,55
1765313883712,2119,2119,1765313883712,0,55
1765313883767,2120,2120,1765313883767,0,55
1765313883819,2121,2121,1765313883818,1,51
1765313883872,2122,2122,1765313883872,0,53
1765313883927,2123,2123,1765313883927,0,55
1765313883982,2124,2124,1765313883982,0,55
1765313884037,2125,2125,1765313884037,0,55
1765313884092,2126,2126,1765313884092,0,55
1765313884148,2127,2127,1765313884147,1,55
1765313884201,2128,2128,1765313884201,0,53
1765313884253,2129,2129,1765313884253,0,52
1765313884307,2130,2130,1765313884306,1,53
1765313884360,2131,2131,1765313884360,0,53
1765313884412,2132,2132,1765313884412,0,52
1765313884468,2133,2133,1765313884467,1,55
1765313884521,2134,2134,1765313884521,0,53
1765313884571,2135,2135,1765313884571,0,50
1765313884626,2136,2136,1765313884626,0,55
1765313884678,2137,2137,1765313884677,1,51
1765313884733,2138,2138,1765313884732,1,54
1765313884788,2139,2139,1765313884787,1,54
1765313884838,2140,2140,1765313884838,0,50
1765313884893,2141,2141,1765313884893,0,55
1765313884948,2142,2142,1765313884948,0,55
1765313885002,2143,2143,1765313885002,0,54
1765313885057,2144,2144,1765313885057,0,55
1765313885112,2145,2145,1765313885112,0,55
1765313885167,2146,2146,1765313885167,0,55
1765313885218,2147,2147,1765313885218,0,51
1765313885273,2148,2148,1765313885273,0,55
1765313885324,2149,2149,1765313885324,0,51
1765313885379,2150,2150,1765313885379,0,55
1765313885430,2151,2151,1765313885430,0,51
1765313885485,2152,2152,1765313885485,0,55
1765313885536,2153,2153,1765313885536,0,51
1765313885591,2154,2154,1765313885591,0,55
1765313885642,2155,2155,1765313885642,0,51
1765313885696,2156,2156,1765313885696,0,54
1765313885746,2157,2157,1765313885746,0,50
1765313885801,2158,2158,1765313885801,0,55
1765313885854,2159,2159,1765313885853,1,52
1765313885907,2160,2160,1765313885907,0,53
1765313885960,2161,2161,1765313885959,1,52
1765313886013,2162,2162,1765313886013,0,53
1765313886064,2163,2163,1765313886064,0,51
1765313886119,2164,2164,1765313886119,0,55
1765313886174,2165,2165,1765313886174,0,55
1765313886229,2166,2166,1765313886229,0,55
1765313886281,2167,2167,1765313886281,0,52
1765313886334,2168,2168,1765313886334,0,53
1765313886385,2169,2169,1765313886385,0,51
1765313886437,2170,2170,1765313886436,1,51
1765313886490,2171,2171,1765313886490,0,53
1765313886545,2172,2172,1765313886545,0,55
1765313886600,2173,2173,1765313886600,0,55
1765313886653,2174,2174,1765313886653,0,53
1765313886708,2175,2175,1765313886708,0,55
1765313886763,2176,2176,1765313886763,0,55
1765313886818,2177,2177,1765313886818,0,55
1765313886873,2178,2178,1765313886873,0,55
1765313886928,2179,2179,1765313886928,0,55
1765313886983,2180,2180,1765313886983,0,55
1765313887038,2181,2181,1765313887038,0,55
1765313887093,2182,2182,1765313887093,0,55
1765313887148,2183,2183,1765313887148,0,55
1765313887203,2184,2184,1765313887203,0,55
1765313887254,2185,2185,1765313887254,0,51
1765313887306,2186,2186,1765313887306,0,52
1765313887361,2187,2187,1765313887361,0,55
1765313887413,2188,2188,1765313887413,0,52
1765313887464,2189,2189,1765313887464,0,51
1765313887519,2190,2190,1765313887519,0,55
1765313887571,2191,2191,1765313887570,1,51
1765313887623,2192,2192,1765313887623,0,52
1765313887678,2193,2193,1765313887677,1,54
1765313887730,2194,2194,1765313887729,1,51
1765313887785,2195,2195,1765313887784,1,54
1765313887836,2196,2196,1765313887836,0,51
1765313887887,2197,2197,1765313887887,0,51
1765313887938,2198,2198,1765313887938,0,51
1765313887990,2199,2199,1765313887990,0,52
1765313888045,2200,2200,1765313888045,0,55
1765313888099,2201,2201,1765313888098,1,53
1765313888152,2202,2202,1765313888152,0,53
1765313888207,2203,2203,1765313888207,0,55
1765313888260,2204,2204,1765313888260,0,53
1765313888313,2205,2205,1765313888313,0,53
1765313888366,2206,2206,1765313888366,0,53
1765313888421,2207,2207,1765313888421,0,55
1765313888473,2208,2208,1765313888473,0,52
1765313888526,2209,2209,1765313888525,1,52
1765313888578,2210,2210,1765313888577,1,51
1765313888628,2211,2211,1765313888627,1,49
1765313888679,2212,2212,1765313888679,0,51
1765313888730,2213,2213,1765313888730,0,51
1765313888784,2214,2214,1765313888784,0,54
1765313888836,2215,2215,1765313888836,0,52
1765313888891,2216,2216,1765313888891,0,55
1765313888947,2217,2217,1765313888946,1,55
1765313889001,2218,2218,1765313889001,0,54
1765313889054,2219,2219,1765313889054,0,53
1765313889106,2220,2220,1765313889106,0,52
1765313889161,2221,2221,1765313889161,0,55
1765313889216,2222,2222,1765313889216,0,55
1765313889271,2223,2223,1765313889270,1,54
1765313889323,2224,2224,1765313889323,0,52
1765313889378,2225,2225,1765313889378,0,55
1765313889429,2226,2226,1765313889428,1,50
1765313889483,2227,2227,1765313889483,0,54
1765313889538,2228,2228,1765313889538,0,55
1765313889597,2229,2229,1765313889593,4,55
1765313889649,2230,2230,1765313889648,1,51
1765313889701,2231,2231,1765313889701,0,52
1765313889756,2232,2232,1765313889756,0,55
1765313889811,2233,2233,1765313889811,0,55
1765313889864,2234,2234,1765313889864,0,53
1765313889919,2235,2235,1765313889919,0,55
1765313889973,2236,2236,1765313889973,0,54
1765313890025,2237,2237,1765313890025,0,52
1765313890076,2238,2238,1765313890076,0,51
1765313890131,2239,2239,1765313890131,0,55
1765313890187,2240,2240,1765313890186,1,55
1765313890241,2241,2241,1765313890241,0,54
1765313890296,2242,2242,1765313890295,1,54
1765313890351,2243,2243,1765313890350,1,54
1765313890402,2244,2244,1765313890402,0,51
1765313890453,2245,2245,1765313890453,0,51
1765313890508,2246,2246,1765313890508,0,55
1765313890563,2247,2247,1765313890563,0,55
1765313890618,2248,2248,1765313890618,0,55
1765313890670,2249,2249,1765313890669,1,51
1765313890724,2250,2250,1765313890723,1,53
1765313890775,2251,2251,1765313890775,0,51
1765313890828,2252,2252,1765313890828,0,53
1765313890881,2253,2253,1765313890881,0,53
1765313890936,2254,2254,1765313890936,0,55
1765313890989,2255,2255,1765313890989,0,53
1765313891043,2256,2256,1765313891043,0,54
1765313891098,2257,2257,1765313891098,0,55
1765313891153,2258,2258,1765313891152,1,54
1765313891208,2259,2259,1765313891207,1,54
1765313891263,2260,2260,1765313891263,0,55
1765313891318,2261,2261,1765313891317,1,54
1765313891370,2262,2262,1765313891369,1,51
1765313891424,2263,2263,1765313891424,0,54
1765313891477,2264,2264,1765313891477,0,53
1765313891530,2265,2265,1765313891529,1,52
1765313891584,2266,2266,1765313891584,0,54
1765313891639,2267,2267,1765313891639,0,55
1765313891692,2268,2268,1765313891691,1,52
1765313891743,2269,2269,1765313891743,0,51
1765313891796,2270,2270,1765313891795,1,52
1765313891851,2271,2271,1765313891850,1,54
1765313891906,2272,2272,1765313891905,1,54
1765313891961,2273,2273,1765313891960,1,54
1765313892016,2274,2274,1765313892015,1,54
1765313892069,2275,2275,1765313892069,0,53
1765313892123,2276,2276,1765313892123,0,54
1765313892178,2277,2277,1765313892177,1,54
1765313892231,2278,2278,1765313892231,0,53
1765313892282,2279,2279,1765313892282,0,51
1765313892337,2280,2280,1765313892337,0,55
1765313892392,2281,2281,1765313892392,0,55
1765313892448,2282,2282,1765313892446,2,54
1765313892501,2283,2283,1765313892501,0,53
1765313892554,2284,2284,1765313892553,1,52
1765313892608,2285,2285,1765313892608,0,54
1765313892663,2286,2286,1765313892663,0,55
1765313892716,2287,2287,1765313892716,0,53
1765313892768,2288,2288,1765313892768,0,52
1765313892820,2289,2289,1765313892819,1,51
1765313892875,2290,2290,1765313892874,1,54
1765313892928,2291,2291,1765313892928,0,53
1765313892983,2292,2292,1765313892983,0,55
1765313893038,2293,2293,1765313893038,0,55
1765313893089,2294,2294,1765313893089,0,51
1765313893143,2295,2295,1765313893143,0,54
1765313893198,2296,2296,1765313893198,0,55
1765313893253,2297,2297,1765313893253,0,55
1765313893308,2298,2298,1765313893308,0,55
1765313893363,2299,2299,1765313893363,0,55
1765313893416,2300,2300,1765313893416,0,53
1765313893470,2301,2301,1765313893470,0,54
1765313893523,2302,2302,1765313893523,0,53
1765313893578,2303,2303,1765313893578,0,55
1765313893633,2304,2304,1765313893633,0,55
1765313893685,2305,2305,1765313893685,0,52
1765313893740,2306,2306,1765313893740,0,55
1765313893795,2307,2307,1765313893795,0,55
1765313893850,2308,2308,1765313893850,0,55
1765313893904,2309,2309,1765313893904,0,54
1765313893959,2310,2310,1765313893959,0,55
1765313894014,2311,2311,1765313894014,0,55
1765313894069,2312,2312,1765313894069,0,55
1765313894124,2313,2313,1765313894124,0,55
1765313894176,2314,2314,1765313894176,0,52
1765313894230,2315,2315,1765313894230,0,54
1765313894285,2316,2316,1765313894285,0,55
1765313894337,2317,2317,1765313894337,0,52
1765313894392,2318,2318,1765313894392,0,55
1765313894443,2319,2319,1765313894442,1,50
1765313894498,2320,2320,1765313894497,1,54
1765313894551,2321,2321,1765313894551,0,53
1765313894603,2322,2322,1765313894603,0,52
1765313894658,2323,2323,1765313894658,0,55
1765313894710,2324,2324,1765313894710,0,52
1765313894765,2325,2325,1765313894765,0,55
1765313894817,2326,2326,1765313894817,0,52
1765313894868,2327,2327,1765313894868,0,51
1765313894920,2328,2328,1765313894920,0,52
1765313894972,2329,2329,1765313894972,0,52
1765313895026,2330,2330,1765313895024,2,52
1765313895080,2331,2331,1765313895079,1,53
1765313895130,2332,2332,1765313895130,0,50
1765313895184,2333,2333,1765313895184,0,54
1765313895239,2334,2334,1765313895239,0,55
1765313895294,2335,2335,1765313895294,0,55
1765313895346,2336,2336,1765313895346,0,52
1765313895401,2337,2337,1765313895401,0,55
1765313895454,2338,2338,1765313895454,0,53
1765313895505,2339,2339,1765313895505,0,51
1765313895560,2340,2340,1765313895560,0,55
1765313895615,2341,2341,1765313895615,0,55
1765313895669,2342,2342,1765313895669,0,54
1765313895724,2343,2343,1765313895724,0,55
1765313895779,2344,2344,1765313895779,0,55
1765313895834,2345,2345,1765313895834,0,55
1765313895885,2346,2346,1765313895885,0,51
1765313895940,2347,2347,1765313895940,0,55
1765313895993,2348,2348,1765313895993,0,53
1765313896046,2349,2349,1765313896045,1,52
1765313896101,2350,2350,1765313896100,1,54
1765313896156,2351,2351,1765313896155,1,54
1765313896211,2352,2352,1765313896210,1,54
1765313896263,2353,2353,1765313896263,0,52
1765313896317,2354,2354,1765313896317,0,54
1765313896373,2355,2355,1765313896372,1,55
1765313896427,2356,2356,1765313896426,1,53
1765313896477,2357,2357,1765313896477,0,50
1765313896532,2358,2358,1765313896532,0,55
1765313896587,2359,2359,1765313896585,2,53
1765313896640,2360,2360,1765313896640,0,53
1765313896691,2361,2361,1765313896691,0,51
1765313896746,2362,2362,1765313896746,0,55
1765313896801,2363,2363,1765313896801,0,55
1765313896852,2364,2364,1765313896851,1,50
1765313896907,2365,2365,1765313896906,1,54
1765313896962,2366,2366,1765313896961,1,54
1765313897016,2367,2367,1765313897016,0,54
1765313897072,2368,2368,1765313897071,1,55
1765313897122,2369,2369,1765313897122,0,50
1765313897177,2370,2370,1765313897177,0,55
1765313897228,2371,2371,1765313897227,1,50
1765313897279,2372,2372,1765313897278,1,50
1765313897333,2373,2373,1765313897333,0,54
1765313897386,2374,2374,1765313897386,0,53
1765313897438,2375,2375,1765313897438,0,52
1765313897493,2376,2376,1765313897493,0,55
1765313897545,2377,2377,1765313897545,0,52
1765313897595,2378,2378,1765313897595,0,50
1765313897650,2379,2379,1765313897650,0,55
1765313897701,2380,2380,1765313897701,0,51
1765313897753,2381,2381,1765313897752,1,51
1765313897808,2382,2382,1765313897808,0,55
1765313897860,2383,2383,1765313897860,0,52
1765313897914,2384,2384,1765313897913,1,53
1765313897968,2385,2385,1765313897968,0,54
1765313898023,2386,2386,1765313898023,0,55
1765313898076,2387,2387,1765313898076,0,53
1765313898131,2388,2388,1765313898131,0,55
1765313898184,2389,2389,1765313898183,1,52
1765313898237,2390,2390,1765313898237,0,53
1765313898292,2391,2391,1765313898291,1,54
1765313898345,2392,2392,1765313898345,0,53
1765313898400,2393,2393,1765313898400,0,55
1765313898451,2394,2394,1765313898451,0,51
1765313898506,2395,2395,1765313898505,1,54
1765313898561,2396,2396,1765313898561,0,55
1765313898615,2397,2397,1765313898615,0,54
1765313898670,2398,2398,1765313898670,0,55
1765313898722,2399,2399,1765313898722,0,52
1765313898773,2400,2400,1765313898773,0,51
1765313898828,2401,2401,1765313898828,0,55
1765313898883,2402,2402,1765313898883,0,55
1765313898938,2403,2403,1765313898938,0,55
1765313898993,2404,2404,1765313898993,0,55
1765313899047,2405,2405,1765313899047,0,54
1765313899101,2406,2406,1765313899101,0,54
1765313899155,2407,2407,1765313899155,0,54
1765313899211,2408,2408,1765313899210,1,55
1765313899263,2409,2409,1765313899263,0,52
1765313899318,2410,2410,1765313899317,1,54
1765313899373,2411,2411,1765313899372,1,54
1765313899428,2412,2412,1765313899427,1,54
1765313899483,2413,2413,1765313899482,1,54
1765313899535,2414,2414,1765313899534,1,51
1765313899586,2415,2415,1765313899585,1,50
1765313899641,2416,2416,1765313899640,1,54
1765313899696,2417,2417,1765313899695,1,54
1765313899749,2418,2418,1765313899749,0,53
1765313899801,2419,2419,1765313899801,0,52
1765313899856,2420,2420,1765313899855,1,54
1765313899910,2421,2421,1765313899909,1,53
1765313899963,2422,2422,1765313899963,0,53
1765313900018,2423,2423,1765313900017,1,54
1765313900068,2424,2424,1765313900068,0,50
1765313900123,2425,2425,1765313900122,1,54
1765313900178,2426,2426,1765313900178,0,55
1765313900233,2427,2427,1765313900233,0,55
1765313900288,2428,2428,1765313900288,0,55
1765313900338,2429,2429,1765313900338,0,50
1765313900392,2430,2430,1765313900391,1,53
1765313900444,2431,2431,1765313900444,0,52
1765313900499,2432,2432,1765313900499,0,55
1765313900555,2433,2433,1765313900554,1,55
1765313900605,2434,2434,1765313900605,0,50
1765313900658,2435,2435,1765313900658,0,53
1765313900713,2436,2436,1765313900713,0,55
1765313900765,2437,2437,1765313900764,1,51
1765313900820,2438,2438,1765313900819,1,54
1765313900875,2439,2439,1765313900874,1,54
1765313900930,2440,2440,1765313900929,1,54
1765313900984,2441,2441,1765313900984,0,54
1765313901036,2442,2442,1765313901036,0,52
1765313901091,2443,2443,1765313901091,0,55
1765313901143,2444,2444,1765313901142,1,51
1765313901195,2445,2445,1765313901194,1,51
1765313901247,2446,2446,1765313901246,1,51
1765313901301,2447,2447,1765313901301,0,54
1765313901354,2448,2448,1765313901354,0,53
1765313901407,2449,2449,1765313901406,1,52
1765313901461,2450,2450,1765313901460,1,53
1765313901512,2451,2451,1765313901512,0,51
1765313901567,2452,2452,1765313901567,0,55
1765313901622,2453,2453,1765313901622,0,55
1765313901676,2454,2454,1765313901676,0,54
1765313901731,2455,2455,1765313901731,0,55
1765313901785,2456,2456,1765313901785,0,54
1765313901840,2457,2457,1765313901840,0,55
1765313901893,2458,2458,1765313901893,0,53
1765313901948,2459,2459,1765313901948,0,55
1765313902003,2460,2460,1765313902003,0,55
1765313902057,2461,2461,1765313902057,0,54
1765313902111,2462,2462,1765313902111,0,54
1765313902165,2463,2463,1765313902165,0,54
1765313902217,2464,2464,1765313902216,1,51
1765313902271,2465,2465,1765313902271,0,54
1765313902325,2466,2466,1765313902325,0,54
1765313902380,2467,2467,1765313902380,0,55
1765313902433,2468,2468,1765313902433,0,53
1765313902485,2469,2469,1765313902484,1,51
1765313902540,2470,2470,1765313902539,1,54
1765313902592,2471,2471,1765313902592,0,52
1765313902647,2472,2472,1765313902646,1,54
1765313902697,2473,2473,1765313902697,0,50
1765313902748,2474,2474,1765313902748,0,51
1765313902803,2475,2475,1765313902803,0,55
1765313902854,2476,2476,1765313902853,1,50
1765313902909,2477,2477,1765313902908,1,54
1765313902964,2478,2478,1765313902963,1,54
1765313903018,2479,2479,1765313903018,0,54
1765313903073,2480,2480,1765313903073,0,55
1765313903124,2481,2481,1765313903124,0,51
1765313903178,2482,2482,1765313903178,0,54
1765313903233,2483,2483,1765313903233,0,55
1765313903286,2484,2484,1765313903286,0,53
1765313903340,2485,2485,1765313903340,0,54
1765313903393,2486,2486,1765313903392,1,52
1765313903446,2487,2487,1765313903446,0,53
1765313903501,2488,2488,1765313903501,0,55
1765313903555,2489,2489,1765313903554,1,53
1765313903610,2490,2490,1765313903609,1,54
1765313903665,2491,2491,1765313903664,1,54
1765313903720,2492,2492,1765313903719,1,54
1765313903774,2493,2493,1765313903773,1,53
1765313903829,2494,2494,1765313903828,1,54
1765313903884,2495,2495,1765313903883,1,54
1765313903938,2496,2496,1765313903937,1,53
1765313903989,2497,2497,1765313903989,0,51
1765313904043,2498,2498,1765313904042,1,53
1765313904097,2499,2499,1765313904097,0,54
1765313904152,2500,2500,1765313904152,0,55
1765313904206,2501,2501,1765313904206,0,54
1765313904261,2502,2502,1765313904261,0,55
1765313904316,2503,2503,1765313904316,0,55
1765313904371,2504,2504,1765313904371,0,55
1765313904426,2505,2505,1765313904426,0,55
1765313904476,2506,2506,1765313904476,0,50
1765313904526,2507,2507,1765313904526,0,50
1765313904581,2508,2508,1765313904580,1,54
1765313904632,2509,2509,1765313904632,0,51
1765313904687,2510,2510,1765313904687,0,55
1765313904742,2511,2511,1765313904742,0,55
1765313904797,2512,2512,1765313904797,0,55
1765313904850,2513,2513,1765313904850,0,53
1765313904900,2514,2514,1765313904900,0,50
1765313904951,2515,2515,1765313904951,0,51
1765313905005,2516,2516,1765313905004,1,53
1765313905058,2517,2517,1765313905058,0,53
1765313905109,2518,2518,1765313905109,0,51
1765313905164,2519,2519,1765313905164,0,55
1765313905219,2520,2520,1765313905219,0,55
1765313905273,2521,2521,1765313905272,1,53
1765313905328,2522,2522,1765313905327,1,54
1765313905379,2523,2523,1765313905379,0,51
1765313905431,2524,2524,1765313905431,0,52
1765313905484,2525,2525,1765313905484,0,53
1765313905539,2526,2526,1765313905539,0,55
1765313905593,2527,2527,1765313905592,1,53
1765313905648,2528,2528,1765313905647,1,54
1765313905702,2529,2529,1765313905702,0,54
1765313905757,2530,2530,1765313905756,1,54
1765313905809,2531,2531,1765313905808,1,51
1765313905863,2532,2532,1765313905863,0,54
1765313905914,2533,2533,1765313905914,0,51
1765313905968,2534,2534,1765313905967,1,53
1765313906019,2535,2535,1765313906019,0,51
1765313906071,2536,2536,1765313906071,0,52
1765313906123,2537,2537,1765313906122,1,51
1765313906176,2538,2538,1765313906176,0,53
1765313906229,2539,2539,1765313906229,0,53
1765313906284,2540,2540,1765313906284,0,55
1765313906339,2541,2541,1765313906339,0,55
1765313906393,2542,2542,1765313906393,0,54
1765313906444,2543,2543,1765313906444,0,51
1765313906499,2544,2544,1765313906499,0,55
1765313906553,2545,2545,1765313906552,1,53
1765313906608,2546,2546,1765313906607,1,54
1765313906659,2547,2547,1765313906659,0,51
1765313906714,2548,2548,1765313906714,0,55
1765313906766,2549,2549,1765313906766,0,52
1765313906819,2550,2550,1765313906819,0,53
1765313906869,2551,2551,1765313906869,0,50
1765313906921,2552,2552,1765313906921,0,52
1765313906975,2553,2553,1765313906975,0,54
1765313907030,2554,2554,1765313907030,0,55
1765313907085,2555,2555,1765313907085,0,55
1765313907140,2556,2556,1765313907140,0,55
1765313907195,2557,2557,1765313907195,0,55
1765313907251,2558,2558,1765313907250,1,55
1765313907305,2559,2559,1765313907305,0,54
1765313907360,2560,2560,1765313907360,0,55
1765313907413,2561,2561,1765313907412,1,52
1765313907465,2562,2562,1765313907465,0,52
1765313907516,2563,2563,1765313907516,0,51
1765313907567,2564,2564,1765313907567,0,51
1765313907622,2565,2565,1765313907622,0,55
1765313907677,2566,2566,1765313907677,0,55
1765313907732,2567,2567,1765313907732,0,55
1765313907785,2568,2568,1765313907784,1,52
1765313907837,2569,2569,1765313907836,1,51
1765313907892,2570,2570,1765313907891,1,54
1765313907942,2571,2571,1765313907942,0,50
1765313907993,2572,2572,1765313907993,0,51
1765313908048,2573,2573,1765313908048,0,55
1765313908103,2574,2574,1765313908103,0,55
1765313908156,2575,2575,1765313908156,0,53
1765313908209,2576,2576,1765313908208,1,52
