recv_time_ms,snapshot_id,seq_num,server_ts_ms,latency_ms,jitter_ms,redundancy_used,scenario
1765461122280,78,78,1765461122177,103,0,2,delay100
1765461122330,79,79,1765461122228,102,0,2,delay100
1765461122380,80,80,1765461122279,101,0,2,delay100
1765461122430,81,81,1765461122329,101,0,2,delay100
1765461122482,82,82,1765461122379,103,2,2,delay100
1765461122531,83,83,1765461122430,101,1,2,delay100
1765461122583,84,84,1765461122482,101,2,2,delay100
1765461122633,85,85,1765461122532,101,0,2,delay100
1765461122684,86,86,1765461122583,101,1,2,delay100
1765461122734,87,87,1765461122633,101,0,2,delay100
1765461122785,88,88,1765461122684,101,1,2,delay100
1765461122836,89,89,1765461122735,101,1,2,delay100
1765461122886,90,90,1765461122785,101,0,2,delay100
1765461122937,91,91,1765461122836,101,1,2,delay100
1765461122988,92,92,1765461122887,101,1,2,delay100
1765461123038,93,93,1765461122937,101,0,2,delay100
1765461123090,94,94,1765461122988,102,2,2,delay100
1765461123140,95,95,1765461123038,102,0,2,delay100
1765461123192,96,96,1765461123089,103,2,2,delay100
1765461123240,97,97,1765461123140,100,2,2,delay100
1765461123292,98,98,1765461123190,102,2,2,delay100
1765461123342,99,99,1765461123240,102,0,2,delay100
1765461123393,100,100,1765461123292,101,1,2,delay100
1765461123443,101,101,1765461123342,101,0,2,delay100
1765461123494,102,102,1765461123393,101,1,2,delay100
1765461123544,103,103,1765461123443,101,0,2,delay100
1765461123595,104,104,1765461123494,101,1,2,delay100
1765461123646,105,105,1765461123545,101,1,2,delay100
1765461123697,106,106,1765461123596,101,1,2,delay100
1765461123748,107,107,1765461123647,101,1,2,delay100
1765461123799,108,108,1765461123697,102,1,2,delay100
1765461123849,109,109,1765461123748,101,0,2,delay100
1765461123901,110,110,1765461123799,102,2,2,delay100
1765461123951,111,111,1765461123849,102,0,2,delay100
1765461124002,112,112,1765461123900,102,1,2,delay100
1765461124052,113,113,1765461123951,101,0,2,delay100
1765461124104,114,114,1765461124002,102,2,2,delay100
1765461124154,115,115,1765461124052,102,0,2,delay100
1765461124204,116,116,1765461124104,100,0,2,delay100
1765461124254,117,117,1765461124154,100,0,2,delay100
1765461124305,118,118,1765461124205,100,1,2,delay100
1765461124356,119,119,1765461124255,101,1,2,delay100
1765461124406,120,120,1765461124305,101,0,2,delay100
1765461124457,121,121,1765461124356,101,1,2,delay100
1765461124508,122,122,1765461124407,101,1,2,delay100
1765461124558,123,123,1765461124457,101,0,2,delay100
1765461124609,124,124,1765461124508,101,1,2,delay100
1765461124659,125,125,1765461124558,101,0,2,delay100
1765461124710,126,126,1765461124609,101,1,2,delay100
1765461124761,127,127,1765461124660,101,1,2,delay100
1765461124812,128,128,1765461124711,101,1,2,delay100
1765461124863,129,129,1765461124762,101,1,2,delay100
1765461124914,130,130,1765461124813,101,1,2,delay100
1765461124966,131,131,1765461124863,103,2,2,delay100
1765461125017,132,132,1765461124914,103,1,2,delay100
1765461125068,133,133,1765461124965,103,1,2,delay100
1765461125118,134,134,1765461125016,102,0,2,delay100
1765461125168,135,135,1765461125066,102,0,2,delay100
1765461125219,136,136,1765461125117,102,1,2,delay100
1765461125269,137,137,1765461125168,101,0,2,delay100
1765461125320,138,138,1765461125218,102,1,2,delay100
1765461125371,139,139,1765461125269,102,1,2,delay100
1765461125422,140,140,1765461125320,102,1,2,delay100
1765461125473,141,141,1765461125371,102,1,2,delay100
1765461125523,142,142,1765461125421,102,0,2,delay100
1765461125574,143,143,1765461125472,102,1,2,delay100
1765461125625,144,144,1765461125523,102,1,2,delay100
1765461125676,145,145,1765461125574,102,1,2,delay100
1765461125726,146,146,1765461125625,101,0,2,delay100
1765461125777,147,147,1765461125676,101,1,2,delay100
1765461125830,148,148,1765461125727,103,3,2,delay100
1765461125879,149,149,1765461125777,102,1,2,delay100
1765461125930,150,150,1765461125828,102,1,2,delay100
1765461125980,151,151,1765461125879,101,0,2,delay100
1765461126030,152,152,1765461125930,100,0,2,delay100
1765461126081,153,153,1765461125981,100,1,2,delay100
1765461126133,154,154,1765461126032,101,2,2,delay100
1765461126183,155,155,1765461126082,101,0,2,delay100
1765461126234,156,156,1765461126133,101,1,2,delay100
1765461126284,157,157,1765461126184,100,0,2,delay100
1765461126336,158,158,1765461126234,102,2,2,delay100
1765461126387,159,159,1765461126285,102,1,2,delay100
1765461126437,160,160,1765461126336,101,0,2,delay100
1765461126487,161,161,1765461126387,100,0,2,delay100
1765461126539,162,162,1765461126437,102,2,2,delay100
1765461126589,163,163,1765461126488,101,0,2,delay100
1765461126640,164,164,1765461126538,102,1,2,delay100
1765461126691,165,165,1765461126589,102,1,2,delay100
1765461126740,166,166,1765461126640,100,1,2,delay100
1765461126791,167,167,1765461126691,100,1,2,delay100
1765461126843,168,168,1765461126742,101,2,2,delay100
1765461126894,169,169,1765461126793,101,1,2,delay100
1765461126945,170,170,1765461126844,101,1,2,delay100
1765461126995,171,171,1765461126894,101,0,2,delay100
1765461127046,172,172,1765461126945,101,1,2,delay100
1765461127096,173,173,1765461126996,100,0,2,delay100
1765461127148,174,174,1765461127047,101,2,2,delay100
1765461127198,175,175,1765461127097,101,0,2,delay100
1765461127249,176,176,1765461127148,101,1,2,delay100
1765461127299,177,177,1765461127199,100,0,2,delay100
1765461127350,178,178,1765461127249,101,1,2,delay100
1765461127404,179,179,1765461127300,104,4,2,delay100
1765461127453,180,180,1765461127351,102,1,2,delay100
1765461127503,181,181,1765461127402,101,0,2,delay100
1765461127553,182,182,1765461127453,100,0,2,delay100
1765461127605,183,183,1765461127504,101,2,2,delay100
1765461127655,184,184,1765461127554,101,0,2,delay100
1765461127706,185,185,1765461127605,101,1,2,delay100
1765461127756,186,186,1765461127655,101,0,2,delay100
1765461127807,187,187,1765461127706,101,1,2,delay100
1765461127857,188,188,1765461127756,101,0,2,delay100
1765461127908,189,189,1765461127807,101,1,2,delay100
1765461127959,190,190,1765461127857,102,1,2,delay100
1765461128010,191,191,1765461127908,102,1,2,delay100
1765461128060,192,192,1765461127959,101,0,2,delay100
1765461128112,193,193,1765461128010,102,2,2,delay100
1765461128164,194,194,1765461128061,103,2,2,delay100
1765461128213,195,195,1765461128112,101,1,2,delay100
1765461128263,196,196,1765461128162,101,0,2,delay100
1765461128314,197,197,1765461128213,101,1,2,delay100
1765461128365,198,198,1765461128264,101,1,2,delay100
1765461128416,199,199,1765461128315,101,1,2,delay100
1765461128467,200,200,1765461128366,101,1,2,delay100
1765461128517,201,201,1765461128417,100,0,2,delay100
1765461128568,202,202,1765461128467,101,1,2,delay100
1765461128620,203,203,1765461128518,102,2,2,delay100
1765461128670,204,204,1765461128569,101,0,2,delay100
1765461128721,205,205,1765461128620,101,1,2,delay100
1765461128771,206,206,1765461128670,101,0,2,delay100
1765461128823,207,207,1765461128721,102,2,2,delay100
1765461128874,208,208,1765461128772,102,1,2,delay100
1765461128926,209,209,1765461128823,103,2,2,delay100
1765461128975,210,210,1765461128873,102,1,2,delay100
1765461129025,211,211,1765461128924,101,0,2,delay100
1765461129076,212,212,1765461128975,101,1,2,delay100
1765461129127,213,213,1765461129025,102,1,2,delay100
1765461129176,214,214,1765461129076,100,1,2,delay100
1765461129228,215,215,1765461129127,101,2,2,delay100
1765461129278,216,216,1765461129177,101,0,2,delay100
1765461129330,217,217,1765461129228,102,2,2,delay100
1765461129380,218,218,1765461129279,101,0,2,delay100
1765461129431,219,219,1765461129329,102,1,2,delay100
1765461129481,220,220,1765461129380,101,0,2,delay100
1765461129532,221,221,1765461129431,101,1,2,delay100
1765461129583,222,222,1765461129481,102,1,2,delay100
1765461129633,223,223,1765461129532,101,0,2,delay100
1765461129686,224,224,1765461129583,103,3,2,delay100
1765461129735,225,225,1765461129633,102,1,2,delay100
1765461129785,226,226,1765461129684,101,0,2,delay100
1765461129835,227,227,1765461129735,100,0,2,delay100
1765461129886,228,228,1765461129785,101,1,2,delay100
1765461129937,229,229,1765461129836,101,1,2,delay100
1765461129987,230,230,1765461129887,100,0,2,delay100
1765461130038,231,231,1765461129937,101,1,2,delay100
1765461130088,232,232,1765461129988,100,0,2,delay100
1765461130139,233,233,1765461130039,100,1,2,delay100
1765461130190,234,234,1765461130089,101,1,2,delay100
1765461130241,235,235,1765461130140,101,1,2,delay100
1765461130291,236,236,1765461130190,101,0,2,delay100
1765461130342,237,237,1765461130241,101,1,2,delay100
1765461130392,238,238,1765461130291,101,0,2,delay100
1765461130446,239,239,1765461130342,104,4,2,delay100
1765461130493,240,240,1765461130393,100,3,2,delay100
1765461130544,241,241,1765461130444,100,1,2,delay100
1765461130595,242,242,1765461130495,100,1,2,delay100
1765461130646,243,243,1765461130545,101,1,2,delay100
1765461130696,244,244,1765461130595,101,0,2,delay100
1765461130747,245,245,1765461130646,101,1,2,delay100
1765461130797,246,246,1765461130696,101,0,2,delay100
1765461130847,247,247,1765461130747,100,0,2,delay100
1765461130898,248,248,1765461130797,101,1,2,delay100
1765461130948,249,249,1765461130848,100,0,2,delay100
1765461130999,250,250,1765461130898,101,1,2,delay100
1765461131049,251,251,1765461130949,100,0,2,delay100
1765461131100,252,252,1765461130999,101,1,2,delay100
1765461131150,253,253,1765461131050,100,0,2,delay100
1765461131201,254,254,1765461131101,100,1,2,delay100
1765461131254,255,255,1765461131151,103,3,2,delay100
1765461131305,256,256,1765461131202,103,1,2,delay100
1765461131355,257,257,1765461131252,103,0,2,delay100
1765461131404,258,258,1765461131303,101,1,2,delay100
1765461131454,259,259,1765461131354,100,0,2,delay100
1765461131505,260,260,1765461131404,101,1,2,delay100
1765461131556,261,261,1765461131455,101,1,2,delay100
1765461131608,262,262,1765461131506,102,2,2,delay100
1765461131657,263,263,1765461131556,101,1,2,delay100
1765461131708,264,264,1765461131607,101,1,2,delay100
1765461131758,265,265,1765461131657,101,0,2,delay100
1765461131809,266,266,1765461131708,101,1,2,delay100
1765461131859,267,267,1765461131758,101,0,2,delay100
1765461131909,268,268,1765461131808,101,0,2,delay100
1765461131959,269,269,1765461131859,100,0,2,delay100
1765461132009,270,270,1765461131909,100,0,2,delay100
1765461132060,271,271,1765461131960,100,1,2,delay100
1765461132111,272,272,1765461132010,101,1,2,delay100
1765461132162,273,273,1765461132061,101,1,2,delay100
1765461132212,274,274,1765461132112,100,0,2,delay100
1765461132263,275,275,1765461132162,101,1,2,delay100
1765461132313,276,276,1765461132212,101,0,2,delay100
1765461132365,277,277,1765461132263,102,2,2,delay100
1765461132414,278,278,1765461132313,101,1,2,delay100
1765461132465,279,279,1765461132364,101,1,2,delay100
1765461132515,280,280,1765461132415,100,0,2,delay100
1765461132567,281,281,1765461132465,102,2,2,delay100
1765461132618,282,282,1765461132516,102,1,2,delay100
1765461132669,283,283,1765461132566,103,1,2,delay100
1765461132718,284,284,1765461132617,101,1,2,delay100
1765461132769,285,285,1765461132668,101,1,2,delay100
1765461132819,286,286,1765461132719,100,0,2,delay100
1765461132870,287,287,1765461132769,101,1,2,delay100
1765461132920,288,288,1765461132820,100,0,2,delay100
1765461132971,289,289,1765461132871,100,1,2,delay100
1765461133022,290,290,1765461132921,101,1,2,delay100
1765461133073,291,291,1765461132972,101,1,2,delay100
1765461133123,292,292,1765461133023,100,0,2,delay100
1765461133174,293,293,1765461133073,101,1,2,delay100
1765461133226,294,294,1765461133124,102,2,2,delay100
1765461133276,295,295,1765461133175,101,0,2,delay100
1765461133326,296,296,1765461133225,101,0,2,delay100
1765461133377,297,297,1765461133276,101,1,2,delay100
1765461133428,298,298,1765461133327,101,1,2,delay100
1765461133479,299,299,1765461133377,102,1,2,delay100
1765461133530,300,300,1765461133428,102,1,2,delay100
1765461133578,301,301,1765461133478,100,2,2,delay100
1765461133629,302,302,1765461133529,100,1,2,delay100
1765461133680,303,303,1765461133579,101,1,2,delay100
1765461133730,304,304,1765461133630,100,0,2,delay100
1765461133781,305,305,1765461133680,101,1,2,delay100
1765461133831,306,306,1765461133731,100,0,2,delay100
1765461133882,307,307,1765461133782,100,1,2,delay100
1765461133933,308,308,1765461133832,101,1,2,delay100
1765461133983,309,309,1765461133883,100,0,2,delay100
1765461134034,310,310,1765461133933,101,1,2,delay100
1765461134085,311,311,1765461133984,101,1,2,delay100
1765461134136,312,312,1765461134035,101,1,2,delay100
1765461134187,313,313,1765461134085,102,1,2,delay100
1765461134237,314,314,1765461134136,101,0,2,delay100
1765461134287,315,315,1765461134186,101,0,2,delay100
1765461134338,316,316,1765461134237,101,1,2,delay100
1765461134389,317,317,1765461134288,101,1,2,delay100
1765461134439,318,318,1765461134339,100,0,2,delay100
1765461134490,319,319,1765461134389,101,1,2,delay100
1765461134541,320,320,1765461134440,101,1,2,delay100
1765461134592,321,321,1765461134491,101,1,2,delay100
1765461134642,322,322,1765461134541,101,0,2,delay100
1765461134693,323,323,1765461134592,101,1,2,delay100
1765461134744,324,324,1765461134643,101,1,2,delay100
1765461134798,325,325,1765461134694,104,4,2,delay100
1765461134847,326,326,1765461134744,103,1,2,delay100
1765461134897,327,327,1765461134795,102,0,2,delay100
1765461134946,328,328,1765461134846,100,1,2,delay100
1765461134997,329,329,1765461134896,101,1,2,delay100
1765461135048,330,330,1765461134947,101,1,2,delay100
1765461135098,331,331,1765461134997,101,0,2,delay100
1765461135149,332,332,1765461135048,101,1,2,delay100
1765461135200,333,333,1765461135099,101,1,2,delay100
1765461135250,334,334,1765461135149,101,0,2,delay100
1765461135300,335,335,1765461135200,100,0,2,delay100
1765461135351,336,336,1765461135251,100,1,2,delay100
1765461135402,337,337,1765461135301,101,1,2,delay100
1765461135453,338,338,1765461135352,101,1,2,delay100
1765461135503,339,339,1765461135403,100,0,2,delay100
1765461135556,340,340,1765461135453,103,3,2,delay100
1765461135605,341,341,1765461135504,101,1,2,delay100
1765461135655,342,342,1765461135555,100,0,2,delay100
1765461135707,343,343,1765461135605,102,2,2,delay100
1765461135757,344,344,1765461135656,101,0,2,delay100
1765461135808,345,345,1765461135707,101,1,2,delay100
1765461135859,346,346,1765461135757,102,1,2,delay100
1765461135909,347,347,1765461135808,101,0,2,delay100
1765461135961,348,348,1765461135859,102,2,2,delay100
1765461136011,349,349,1765461135909,102,0,2,delay100
1765461136060,350,350,1765461135960,100,1,2,delay100
1765461136111,351,351,1765461136010,101,1,2,delay100
1765461136162,352,352,1765461136060,102,1,2,delay100
1765461136212,353,353,1765461136111,101,0,2,delay100
1765461136262,354,354,1765461136162,100,0,2,delay100
1765461136313,355,355,1765461136212,101,1,2,delay100
1765461136365,356,356,1765461136263,102,2,2,delay100
1765461136414,357,357,1765461136313,101,1,2,delay100
1765461136465,358,358,1765461136364,101,1,2,delay100
1765461136515,359,359,1765461136415,100,0,2,delay100
1765461136566,360,360,1765461136465,101,1,2,delay100
1765461136617,361,361,1765461136516,101,1,2,delay100
1765461136668,362,362,1765461136567,101,1,2,delay100
1765461136718,363,363,1765461136617,101,0,2,delay100
1765461136769,364,364,1765461136667,102,1,2,delay100
1765461136819,365,365,1765461136718,101,0,2,delay100
1765461136870,366,366,1765461136768,102,1,2,delay100
1765461136920,367,367,1765461136819,101,0,2,delay100
1765461136970,368,368,1765461136870,100,0,2,delay100
1765461137021,369,369,1765461136920,101,1,2,delay100
1765461137071,370,370,1765461136970,101,0,2,delay100
1765461137121,371,371,1765461137021,100,0,2,delay100
1765461137172,372,372,1765461137071,101,1,2,delay100
1765461137222,373,373,1765461137122,100,0,2,delay100
1765461137273,374,374,1765461137172,101,1,2,delay100
1765461137323,375,375,1765461137223,100,0,2,delay100
1765461137374,376,376,1765461137273,101,1,2,delay100
1765461137425,377,377,1765461137324,101,1,2,delay100
1765461137475,378,378,1765461137375,100,0,2,delay100
1765461137526,379,379,1765461137425,101,1,2,delay100
1765461137577,380,380,1765461137476,101,1,2,delay100
1765461137629,381,381,1765461137527,102,2,2,delay100
1765461137682,382,382,1765461137578,104,3,2,delay100
1765461137730,383,383,1765461137628,102,2,2,delay100
1765461137780,384,384,1765461137679,101,0,2,delay100
1765461137831,385,385,1765461137730,101,1,2,delay100
1765461137881,386,386,1765461137781,100,0,2,delay100
1765461137932,387,387,1765461137832,100,1,2,delay100
1765461137983,388,388,1765461137882,101,1,2,delay100
1765461138033,389,389,1765461137933,100,0,2,delay100
1765461138085,390,390,1765461137984,101,2,2,delay100
1765461138137,391,391,1765461138035,102,2,2,delay100
1765461138186,392,392,1765461138085,101,1,2,delay100
1765461138236,393,393,1765461138135,101,0,2,delay100
1765461138288,394,394,1765461138186,102,2,2,delay100
1765461138339,395,395,1765461138236,103,1,2,delay100
1765461138389,396,396,1765461138287,102,0,2,delay100
1765461138440,397,397,1765461138338,102,1,2,delay100
1765461138490,398,398,1765461138389,101,0,2,delay100
1765461138541,399,399,1765461138440,101,1,2,delay100
1765461138592,400,400,1765461138491,101,1,2,delay100
1765461138643,401,401,1765461138541,102,1,2,delay100
1765461138693,402,402,1765461138592,101,0,2,delay100
1765461138744,403,403,1765461138643,101,1,2,delay100
1765461138795,404,404,1765461138693,102,1,2,delay100
1765461138849,405,405,1765461138744,105,4,2,delay100
1765461138899,406,406,1765461138795,104,0,2,delay100
1765461138949,407,407,1765461138846,103,0,2,delay100
1765461138998,408,408,1765461138897,101,1,2,delay100
1765461139049,409,409,1765461138948,101,1,2,delay100
1765461139100,410,410,1765461138999,101,1,2,delay100
1765461139151,411,411,1765461139049,102,1,2,delay100
1765461139202,412,412,1765461139100,102,1,2,delay100
1765461139252,413,413,1765461139151,101,0,2,delay100
1765461139304,414,414,1765461139202,102,2,2,delay100
1765461139355,415,415,1765461139253,102,1,2,delay100
1765461139406,416,416,1765461139304,102,1,2,delay100
1765461139456,417,417,1765461139354,102,0,2,delay100
1765461139506,418,418,1765461139405,101,0,2,delay100
1765461139560,419,419,1765461139456,104,4,2,delay100
1765461139609,420,420,1765461139507,102,1,2,delay100
1765461139660,421,421,1765461139557,103,1,2,delay100
1765461139709,422,422,1765461139608,101,1,2,delay100
1765461139760,423,423,1765461139659,101,1,2,delay100
1765461139811,424,424,1765461139709,102,1,2,delay100
1765461139861,425,425,1765461139760,101,0,2,delay100
1765461139912,426,426,1765461139811,101,1,2,delay100
1765461139963,427,427,1765461139861,102,1,2,delay100
1765461140014,428,428,1765461139912,102,1,2,delay100
1765461140065,429,429,1765461139963,102,1,2,delay100
1765461140115,430,430,1765461140014,101,0,2,delay100
1765461140165,431,431,1765461140064,101,0,2,delay100
1765461140216,432,432,1765461140115,101,1,2,delay100
1765461140267,433,433,1765461140165,102,1,2,delay100
1765461140317,434,434,1765461140216,101,0,2,delay100
1765461140367,435,435,1765461140267,100,0,2,delay100
1765461140418,436,436,1765461140317,101,1,2,delay100
1765461140468,437,437,1765461140368,100,0,2,delay100
1765461140521,438,438,1765461140418,103,3,2,delay100
1765461140571,439,439,1765461140469,102,0,2,delay100
1765461140622,440,440,1765461140519,103,1,2,delay100
1765461140671,441,441,1765461140569,102,1,2,delay100
1765461140721,442,442,1765461140620,101,0,2,delay100
1765461140771,443,443,1765461140670,101,0,2,delay100
1765461140822,444,444,1765461140721,101,1,2,delay100
1765461140873,445,445,1765461140771,102,1,2,delay100
1765461140923,446,446,1765461140822,101,0,2,delay100
1765461140975,447,447,1765461140873,102,2,2,delay100
1765461141025,448,448,1765461140923,102,0,2,delay100
1765461141075,449,449,1765461140974,101,0,2,delay100
1765461141126,450,450,1765461141025,101,1,2,delay100
1765461141177,451,451,1765461141075,102,1,2,delay100
1765461141227,452,452,1765461141126,101,0,2,delay100
1765461141279,453,453,1765461141177,102,2,2,delay100
1765461141329,454,454,1765461141227,102,0,2,delay100
1765461141380,455,455,1765461141278,102,1,2,delay100
1765461141431,456,456,1765461141329,102,1,2,delay100
1765461141482,457,457,1765461141380,102,1,2,delay100
1765461141535,458,458,1765461141431,104,3,2,delay100
1765461141584,459,459,1765461141482,102,1,2,delay100
1765461141634,460,460,1765461141532,102,0,2,delay100
1765461141684,461,461,1765461141583,101,0,2,delay100
1765461141735,462,462,1765461141634,101,1,2,delay100
1765461141785,463,463,1765461141684,101,0,2,delay100
1765461141836,464,464,1765461141735,101,1,2,delay100
1765461141886,465,465,1765461141785,101,0,2,delay100
1765461141936,466,466,1765461141836,100,0,2,delay100
1765461141988,467,467,1765461141886,102,2,2,delay100
1765461142038,468,468,1765461141937,101,0,2,delay100
1765461142089,469,469,1765461141988,101,1,2,delay100
1765461142138,470,470,1765461142038,100,1,2,delay100
1765461142190,471,471,1765461142088,102,2,2,delay100
1765461142241,472,472,1765461142139,102,1,2,delay100
1765461142291,473,473,1765461142190,101,0,2,delay100
1765461142341,474,474,1765461142240,101,0,2,delay100
1765461142394,475,475,1765461142291,103,3,2,delay100
1765461142444,476,476,1765461142341,103,0,2,delay100
1765461141884,477,477,1765461142392,-508,610,2,delay100
1765461141935,478,478,1765461142442,-507,1,2,delay100
1765461141986,479,479,1765461141884,102,1,2,delay100
1765461142037,480,480,1765461141935,102,1,2,delay100
1765461142087,481,481,1765461141986,101,0,2,delay100
1765461142137,482,482,1765461142037,100,0,2,delay100
1765461142190,483,483,1765461142088,102,3,2,delay100
1765461142241,484,484,1765461142139,102,1,2,delay100
1765461142291,485,485,1765461142189,102,0,2,delay100
1765461142342,486,486,1765461142241,101,1,2,delay100
1765461142392,487,487,1765461142291,101,0,2,delay100
1765461142443,488,488,1765461142342,101,1,2,delay100
1765461142493,489,489,1765461142392,101,0,2,delay100
1765461142544,490,490,1765461142443,101,1,2,delay100
1765461142595,491,491,1765461142493,102,1,2,delay100
1765461142646,492,492,1765461142544,102,1,2,delay100
1765461142696,493,493,1765461142595,101,0,2,delay100
1765461142746,494,494,1765461142645,101,0,2,delay100
1765461142797,495,495,1765461142696,101,1,2,delay100
1765461142847,496,496,1765461142746,101,0,2,delay100
1765461142899,497,497,1765461142797,102,2,2,delay100
1765461142950,498,498,1765461142848,102,1,2,delay100
1765461143000,499,499,1765461142899,101,0,2,delay100
1765461143052,500,500,1765461142950,102,2,2,delay100
1765461143101,501,501,1765461143000,101,1,2,delay100
1765461143153,502,502,1765461143051,102,2,2,delay100
1765461143203,503,503,1765461143101,102,0,2,delay100
1765461143254,504,504,1765461143152,102,1,2,delay100
1765461143304,505,505,1765461143203,101,0,2,delay100
1765461143355,506,506,1765461143254,101,1,2,delay100
1765461143405,507,507,1765461143304,101,0,2,delay100
1765461143456,508,508,1765461143355,101,1,2,delay100
1765461143506,509,509,1765461143406,100,0,2,delay100
1765461143557,510,510,1765461143456,101,1,2,delay100
1765461143607,511,511,1765461143506,101,0,2,delay100
1765461143659,512,512,1765461143557,102,2,2,delay100
1765461143709,513,513,1765461143607,102,0,2,delay100
1765461143759,514,514,1765461143658,101,0,2,delay100
1765461143810,515,515,1765461143708,102,1,2,delay100
1765461143862,516,516,1765461143759,103,2,2,delay100
1765461143912,517,517,1765461143809,103,0,2,delay100
1765461143961,518,518,1765461143860,101,1,2,delay100
1765461144012,519,519,1765461143910,102,1,2,delay100
1765461144064,520,520,1765461143961,103,2,2,delay100
1765461144114,521,521,1765461144012,102,0,2,delay100
1765461144165,522,522,1765461144063,102,1,2,delay100
1765461144215,523,523,1765461144114,101,0,2,delay100
1765461144267,524,524,1765461144165,102,2,2,delay100
1765461144318,525,525,1765461144216,102,1,2,delay100
1765461144369,526,526,1765461144267,102,1,2,delay100
1765461144419,527,527,1765461144317,102,0,2,delay100
1765461144470,528,528,1765461144368,102,1,2,delay100
1765461144521,529,529,1765461144419,102,1,2,delay100
1765461144572,530,530,1765461144470,102,1,2,delay100
1765461144621,531,531,1765461144521,100,1,2,delay100
1765461144673,532,532,1765461144572,101,2,2,delay100
1765461144727,533,533,1765461144623,104,4,2,delay100
1765461144775,534,534,1765461144673,102,2,2,delay100
1765461144826,535,535,1765461144724,102,1,2,delay100
1765461144877,536,536,1765461144775,102,1,2,delay100
1765461144928,537,537,1765461144826,102,1,2,delay100
1765461144977,538,538,1765461144876,101,1,2,delay100
1765461145029,539,539,1765461144927,102,2,2,delay100
1765461145079,540,540,1765461144978,101,0,2,delay100
1765461145131,541,541,1765461145029,102,2,2,delay100
1765461145181,542,542,1765461145079,102,0,2,delay100
1765461145232,543,543,1765461145131,101,1,2,delay100
1765461145282,544,544,1765461145181,101,0,2,delay100
1765461145334,545,545,1765461145232,102,2,2,delay100
1765461145383,546,546,1765461145283,100,1,2,delay100
1765461145435,547,547,1765461145333,102,2,2,delay100
1765461145485,548,548,1765461145384,101,0,2,delay100
1765461145535,549,549,1765461145435,100,0,2,delay100
1765461145586,550,550,1765461145485,101,1,2,delay100
1765461145637,551,551,1765461145536,101,1,2,delay100
1765461145688,552,552,1765461145586,102,1,2,delay100
1765461145738,553,553,1765461145637,101,0,2,delay100
1765461145789,554,554,1765461145688,101,1,2,delay100
1765461145840,555,555,1765461145739,101,1,2,delay100
1765461145890,556,556,1765461145789,101,0,2,delay100
1765461145941,557,557,1765461145840,101,1,2,delay100
1765461145992,558,558,1765461145891,101,1,2,delay100
1765461146043,559,559,1765461145941,102,1,2,delay100
1765461146093,560,560,1765461145992,101,0,2,delay100
1765461146145,561,561,1765461146043,102,2,2,delay100
1765461146195,562,562,1765461146093,102,0,2,delay100
1765461146246,563,563,1765461146144,102,1,2,delay100
1765461146297,564,564,1765461146195,102,1,2,delay100
1765461146347,565,565,1765461146246,101,0,2,delay100
1765461146399,566,566,1765461146297,102,2,2,delay100
1765461146449,567,567,1765461146347,102,0,2,delay100
1765461146500,568,568,1765461146399,101,1,2,delay100
1765461146551,569,569,1765461146449,102,1,2,delay100
1765461146601,570,570,1765461146500,101,0,2,delay100
1765461146652,571,571,1765461146551,101,1,2,delay100
1765461146704,572,572,1765461146602,102,2,2,delay100
1765461146753,573,573,1765461146652,101,1,2,delay100
1765461146804,574,574,1765461146703,101,1,2,delay100
1765461146854,575,575,1765461146753,101,0,2,delay100
1765461146905,576,576,1765461146804,101,1,2,delay100
1765461146956,577,577,1765461146855,101,1,2,delay100
1765461147007,578,578,1765461146906,101,1,2,delay100
1765461147057,579,579,1765461146956,101,0,2,delay100
1765461147110,580,580,1765461147007,103,3,2,delay100
1765461147158,581,581,1765461147057,101,2,2,delay100
1765461147210,582,582,1765461147108,102,2,2,delay100
1765461147260,583,583,1765461147159,101,0,2,delay100
1765461147311,584,584,1765461147209,102,1,2,delay100
1765461147361,585,585,1765461147260,101,0,2,delay100
1765461147412,586,586,1765461147311,101,1,2,delay100
1765461147463,587,587,1765461147362,101,1,2,delay100
1765461147514,588,588,1765461147412,102,1,2,delay100
1765461147564,589,589,1765461147463,101,0,2,delay100
1765461147615,590,590,1765461147514,101,1,2,delay100
1765461147666,591,591,1765461147564,102,1,2,delay100
1765461147718,592,592,1765461147615,103,2,2,delay100
1765461147767,593,593,1765461147666,101,1,2,delay100
1765461147817,594,594,1765461147716,101,0,2,delay100
1765461147867,595,595,1765461147767,100,0,2,delay100
1765461147917,596,596,1765461147817,100,0,2,delay100
1765461147968,597,597,1765461147867,101,1,2,delay100
1765461148018,598,598,1765461147917,101,0,2,delay100
1765461148068,599,599,1765461147968,100,0,2,delay100
1765461148119,600,600,1765461148018,101,1,2,delay100
1765461148169,601,601,1765461148068,101,0,2,delay100
1765461148219,602,602,1765461148118,101,0,2,delay100
1765461148270,603,603,1765461148169,101,1,2,delay100
1765461148320,604,604,1765461148219,101,0,2,delay100
1765461148371,605,605,1765461148270,101,1,2,delay100
1765461148422,606,606,1765461148320,102,1,2,delay100
1765461148472,607,607,1765461148371,101,0,2,delay100
1765461148523,608,608,1765461148421,102,1,2,delay100
1765461148573,609,609,1765461148472,101,0,2,delay100
1765461148624,610,610,1765461148523,101,1,2,delay100
1765461148674,611,611,1765461148574,100,0,2,delay100
1765461148726,612,612,1765461148625,101,2,2,delay100
1765461148776,613,613,1765461148675,101,0,2,delay100
1765461148827,614,614,1765461148726,101,1,2,delay100
1765461148877,615,615,1765461148776,101,0,2,delay100
1765461148930,616,616,1765461148827,103,3,2,delay100
1765461148980,617,617,1765461148878,102,0,2,delay100
1765461149029,618,618,1765461148928,101,1,2,delay100
1765461149079,619,619,1765461148979,100,0,2,delay100
1765461149130,620,620,1765461149029,101,1,2,delay100
1765461149181,621,621,1765461149080,101,1,2,delay100
1765461149231,622,622,1765461149131,100,0,2,delay100
1765461149282,623,623,1765461149181,101,1,2,delay100
1765461149333,624,624,1765461149232,101,1,2,delay100
1765461149384,625,625,1765461149283,101,1,2,delay100
1765461149437,626,626,1765461149334,103,3,2,delay100
1765461149485,627,627,1765461149384,101,2,2,delay100
1765461149538,628,628,1765461149435,103,3,2,delay100
1765461149587,629,629,1765461149486,101,1,2,delay100
1765461149638,630,630,1765461149536,102,1,2,delay100
1765461149688,631,631,1765461149587,101,0,2,delay100
1765461149738,632,632,1765461149637,101,0,2,delay100
1765461149789,633,633,1765461149688,101,1,2,delay100
1765461149839,634,634,1765461149738,101,0,2,delay100
1765461149889,635,635,1765461149788,101,0,2,delay100
1765461149940,636,636,1765461149839,101,1,2,delay100
1765461149990,637,637,1765461149889,101,0,2,delay100
1765461150041,638,638,1765461149940,101,1,2,delay100
1765461150092,639,639,1765461149990,102,1,2,delay100
1765461150141,640,640,1765461150040,101,1,2,delay100
1765461150192,641,641,1765461150092,100,1,2,delay100
1765461150245,642,642,1765461150142,103,3,2,delay100
1765461150294,643,643,1765461150193,101,1,2,delay100
1765461150345,644,644,1765461150243,102,1,2,delay100
1765461150396,645,645,1765461150294,102,1,2,delay100
1765461150446,646,646,1765461150345,101,0,2,delay100
1765461150498,647,647,1765461150396,102,2,2,delay100
1765461150548,648,648,1765461150446,102,0,2,delay100
1765461150600,649,649,1765461150497,103,2,2,delay100
1765461150649,650,650,1765461150548,101,1,2,delay100
1765461150700,651,651,1765461150599,101,1,2,delay100
1765461150753,652,652,1765461150650,103,3,2,delay100
1765461150802,653,653,1765461150700,102,1,2,delay100
1765461150853,654,654,1765461150752,101,1,2,delay100
1765461150903,655,655,1765461150802,101,0,2,delay100
1765461150954,656,656,1765461150854,100,1,2,delay100
1765461151005,657,657,1765461150904,101,1,2,delay100
1765461151056,658,658,1765461150955,101,1,2,delay100
1765461151106,659,659,1765461151005,101,0,2,delay100
1765461151159,660,660,1765461151056,103,3,2,delay100
1765461151208,661,661,1765461151107,101,1,2,delay100
1765461151259,662,662,1765461151158,101,1,2,delay100
1765461151311,663,663,1765461151209,102,2,2,delay100
1765461151361,664,664,1765461151259,102,0,2,delay100
1765461151411,665,665,1765461151310,101,0,2,delay100
1765461151461,666,666,1765461151360,101,0,2,delay100
1765461151512,667,667,1765461151411,101,1,2,delay100
1765461151563,668,668,1765461151461,102,1,2,delay100
1765461151613,669,669,1765461151512,101,0,2,delay100
1765461151663,670,670,1765461151562,101,0,2,delay100
1765461151713,671,671,1765461151612,101,0,2,delay100
1765461151763,672,672,1765461151663,100,0,2,delay100
1765461151814,673,673,1765461151713,101,1,2,delay100
1765461151864,674,674,1765461151764,100,0,2,delay100
1765461151915,675,675,1765461151814,101,1,2,delay100
1765461151966,676,676,1765461151865,101,1,2,delay100
1765461152016,677,677,1765461151916,100,0,2,delay100
1765461152068,678,678,1765461151967,101,2,2,delay100
1765461152118,679,679,1765461152017,101,0,2,delay100
1765461152169,680,680,1765461152068,101,1,2,delay100
1765461152219,681,681,1765461152118,101,0,2,delay100
1765461152270,682,682,1765461152169,101,1,2,delay100
1765461152320,683,683,1765461152220,100,0,2,delay100
1765461152371,684,684,1765461152271,100,1,2,delay100
1765461152422,685,685,1765461152321,101,1,2,delay100
1765461152472,686,686,1765461152372,100,0,2,delay100
1765461152523,687,687,1765461152422,101,1,2,delay100
1765461152574,688,688,1765461152473,101,1,2,delay100
1765461152624,689,689,1765461152524,100,0,2,delay100
1765461152675,690,690,1765461152574,101,1,2,delay100
1765461152725,691,691,1765461152625,100,0,2,delay100
1765461152776,692,692,1765461152675,101,1,2,delay100
1765461152826,693,693,1765461152725,101,0,2,delay100
1765461152877,694,694,1765461152776,101,1,2,delay100
1765461152927,695,695,1765461152827,100,0,2,delay100
1765461152979,696,696,1765461152878,101,2,2,delay100
1765461153028,697,697,1765461152928,100,1,2,delay100
1765461153082,698,698,1765461152979,103,4,2,delay100
1765461153131,699,699,1765461153030,101,1,2,delay100
1765461153181,700,700,1765461153080,101,0,2,delay100
1765461153232,701,701,1765461153130,102,1,2,delay100
1765461153282,702,702,1765461153181,101,0,2,delay100
1765461153332,703,703,1765461153232,100,0,2,delay100
1765461153383,704,704,1765461153283,100,1,2,delay100
1765461153434,705,705,1765461153334,100,1,2,delay100
1765461153485,706,706,1765461153385,100,1,2,delay100
1765461153536,707,707,1765461153435,101,1,2,delay100
1765461153586,708,708,1765461153486,100,0,2,delay100
1765461153637,709,709,1765461153537,100,1,2,delay100
1765461153688,710,710,1765461153588,100,1,2,delay100
1765461153739,711,711,1765461153639,100,1,2,delay100
1765461153789,712,712,1765461153689,100,0,2,delay100
1765461153840,713,713,1765461153740,100,1,2,delay100
1765461153892,714,714,1765461153791,101,2,2,delay100
1765461153942,715,715,1765461153841,101,0,2,delay100
1765461153993,716,716,1765461153892,101,1,2,delay100
1765461154045,717,717,1765461153943,102,2,2,delay100
1765461154095,718,718,1765461153994,101,0,2,delay100
1765461154144,719,719,1765461154044,100,1,2,delay100
1765461154195,720,720,1765461154094,101,1,2,delay100
1765461154245,721,721,1765461154145,100,0,2,delay100
1765461154296,722,722,1765461154195,101,1,2,delay100
1765461154346,723,723,1765461154245,101,0,2,delay100
1765461154396,724,724,1765461154296,100,0,2,delay100
1765461154447,725,725,1765461154346,101,1,2,delay100
1765461154497,726,726,1765461154396,101,0,2,delay100
1765461154547,727,727,1765461154447,100,0,2,delay100
1765461154598,728,728,1765461154497,101,1,2,delay100
1765461154649,729,729,1765461154547,102,1,2,delay100
1765461154699,730,730,1765461154598,101,0,2,delay100
1765461154749,731,731,1765461154648,101,0,2,delay100
1765461154801,732,732,1765461154699,102,2,2,delay100
1765461154851,733,733,1765461154749,102,0,2,delay100
1765461154902,734,734,1765461154800,102,1,2,delay100
1765461154952,735,735,1765461154851,101,0,2,delay100
1765461155003,736,736,1765461154902,101,1,2,delay100
1765461155054,737,737,1765461154953,101,1,2,delay100
1765461155105,738,738,1765461155004,101,1,2,delay100
1765461155158,739,739,1765461155055,103,3,2,delay100
1765461155207,740,740,1765461155105,102,1,2,delay100
1765461155258,741,741,1765461155156,102,1,2,delay100
1765461155309,742,742,1765461155207,102,1,2,delay100
1765461155360,743,743,1765461155258,102,1,2,delay100
1765461155411,744,744,1765461155309,102,1,2,delay100
1765461155462,745,745,1765461155360,102,1,2,delay100
1765461155513,746,746,1765461155411,102,1,2,delay100
1765461155563,747,747,1765461155462,101,0,2,delay100
1765461155614,748,748,1765461155513,101,1,2,delay100
1765461155665,749,749,1765461155564,101,1,2,delay100
1765461155716,750,750,1765461155615,101,1,2,delay100
1765461155767,751,751,1765461155666,101,1,2,delay100
1765461155818,752,752,1765461155716,102,1,2,delay100
1765461155868,753,753,1765461155767,101,0,2,delay100
1765461155918,754,754,1765461155817,101,0,2,delay100
1765461155968,755,755,1765461155868,100,0,2,delay100
1765461156020,756,756,1765461155918,102,2,2,delay100
1765461156069,757,757,1765461155968,101,1,2,delay100
1765461156120,758,758,1765461156019,101,1,2,delay100
1765461156171,759,759,1765461156070,101,1,2,delay100
1765461156221,760,760,1765461156121,100,0,2,delay100
1765461156273,761,761,1765461156172,101,2,2,delay100
1765461156323,762,762,1765461156222,101,0,2,delay100
1765461156374,763,763,1765461156273,101,1,2,delay100
1765461156425,764,764,1765461156324,101,1,2,delay100
1765461156475,765,765,1765461156375,100,0,2,delay100
1765461156527,766,766,1765461156426,101,2,2,delay100
1765461156577,767,767,1765461156476,101,0,2,delay100
1765461156627,768,768,1765461156526,101,0,2,delay100
1765461156678,769,769,1765461156577,101,1,2,delay100
1765461156728,770,770,1765461156628,100,0,2,delay100
1765461156779,771,771,1765461156679,100,1,2,delay100
1765461156832,772,772,1765461156729,103,3,2,delay100
1765461156882,773,773,1765461156780,102,0,2,delay100
1765461156934,774,774,1765461156831,103,2,2,delay100
1765461156984,775,775,1765461156882,102,0,2,delay100
1765461157035,776,776,1765461156933,102,1,2,delay100
1765461157085,777,777,1765461156984,101,0,2,delay100
1765461157137,778,778,1765461157035,102,2,2,delay100
1765461157187,779,779,1765461157086,101,0,2,delay100
1765461157238,780,780,1765461157136,102,1,2,delay100
1765461157289,781,781,1765461157187,102,1,2,delay100
1765461157339,782,782,1765461157237,102,0,2,delay100
1765461157391,783,783,1765461157288,103,2,2,delay100
1765461157440,784,784,1765461157339,101,1,2,delay100
1765461157491,785,785,1765461157390,101,1,2,delay100
1765461157541,786,786,1765461157440,101,0,2,delay100
1765461157593,787,787,1765461157491,102,2,2,delay100
1765461157643,788,788,1765461157542,101,0,2,delay100
1765461157693,789,789,1765461157592,101,0,2,delay100
1765461157743,790,790,1765461157643,100,0,2,delay100
1765461157793,791,791,1765461157693,100,0,2,delay100
1765461157843,792,792,1765461157743,100,0,2,delay100
1765461157894,793,793,1765461157793,101,1,2,delay100
1765461157945,794,794,1765461157844,101,1,2,delay100
1765461157995,795,795,1765461157894,101,0,2,delay100
1765461158046,796,796,1765461157945,101,1,2,delay100
1765461158097,797,797,1765461157996,101,1,2,delay100
1765461158148,798,798,1765461158047,101,1,2,delay100
1765461158199,799,799,1765461158098,101,1,2,delay100
1765461158249,800,800,1765461158149,100,0,2,delay100
1765461158300,801,801,1765461158199,101,1,2,delay100
1765461158351,802,802,1765461158250,101,1,2,delay100
1765461158401,803,803,1765461158301,100,0,2,delay100
1765461158455,804,804,1765461158352,103,4,2,delay100
1765461158504,805,805,1765461158403,101,1,2,delay100
1765461158556,806,806,1765461158454,102,2,2,delay100
1765461158605,807,807,1765461158505,100,1,2,delay100
1765461158656,808,808,1765461158556,100,1,2,delay100
1765461158707,809,809,1765461158606,101,1,2,delay100
1765461158758,810,810,1765461158657,101,1,2,delay100
1765461158808,811,811,1765461158707,101,0,2,delay100
1765461158859,812,812,1765461158758,101,1,2,delay100
1765461158910,813,813,1765461158809,101,1,2,delay100
1765461158961,814,814,1765461158860,101,1,2,delay100
1765461159011,815,815,1765461158911,100,0,2,delay100
1765461159062,816,816,1765461158962,100,1,2,delay100
1765461159114,817,817,1765461159012,102,2,2,delay100
1765461159165,818,818,1765461159063,102,1,2,delay100
1765461159215,819,819,1765461159114,101,0,2,delay100
1765461159265,820,820,1765461159164,101,0,2,delay100
1765461159316,821,821,1765461159215,101,1,2,delay100
1765461159369,822,822,1765461159266,103,3,2,delay100
1765461159419,823,823,1765461159316,103,0,2,delay100
1765461159469,824,824,1765461159367,102,0,2,delay100
1765461159519,825,825,1765461159418,101,0,2,delay100
1765461159570,826,826,1765461159469,101,1,2,delay100
1765461159620,827,827,1765461159520,100,0,2,delay100
1765461159671,828,828,1765461159571,100,1,2,delay100
1765461159722,829,829,1765461159621,101,1,2,delay100
1765461159774,830,830,1765461159672,102,2,2,delay100
1765461159823,831,831,1765461159723,100,1,2,delay100
1765461159874,832,832,1765461159774,100,1,2,delay100
1765461159925,833,833,1765461159824,101,1,2,delay100
1765461159976,834,834,1765461159875,101,1,2,delay100
1765461160027,835,835,1765461159926,101,1,2,delay100
1765461160077,836,836,1765461159977,100,0,2,delay100
1765461160131,837,837,1765461160028,103,4,2,delay100
1765461160181,838,838,1765461160079,102,0,2,delay100
1765461160231,839,839,1765461160129,102,0,2,delay100
1765461160282,840,840,1765461160180,102,1,2,delay100
1765461160332,841,841,1765461160231,101,0,2,delay100
1765461160382,842,842,1765461160281,101,0,2,delay100
1765461160434,843,843,1765461160332,102,2,2,delay100
1765461160484,844,844,1765461160383,101,0,2,delay100
1765461160535,845,845,1765461160434,101,1,2,delay100
1765461160586,846,846,1765461160484,102,1,2,delay100
1765461160637,847,847,1765461160535,102,1,2,delay100
1765461160687,848,848,1765461160586,101,0,2,delay100
1765461160737,849,849,1765461160636,101,0,2,delay100
1765461160789,850,850,1765461160687,102,2,2,delay100
1765461160840,851,851,1765461160738,102,1,2,delay100
1765461160890,852,852,1765461160789,101,0,2,delay100
1765461160941,853,853,1765461160840,101,1,2,delay100
1765461160994,854,854,1765461160891,103,3,2,delay100
1765461161043,855,855,1765461160941,102,1,2,delay100
1765461161094,856,856,1765461160993,101,1,2,delay100
1765461161145,857,857,1765461161043,102,1,2,delay100
1765461161195,858,858,1765461161094,101,0,2,delay100
1765461161246,859,859,1765461161144,102,1,2,delay100
1765461161296,860,860,1765461161195,101,0,2,delay100
1765461161348,861,861,1765461161246,102,2,2,delay100
1765461161398,862,862,1765461161296,102,0,2,delay100
1765461161449,863,863,1765461161348,101,1,2,delay100
1765461161502,864,864,1765461161399,103,3,2,delay100
1765461161551,865,865,1765461161449,102,1,2,delay100
1765461161601,866,866,1765461161500,101,0,2,delay100
1765461161652,867,867,1765461161551,101,1,2,delay100
1765461161703,868,868,1765461161601,102,1,2,delay100
1765461161752,869,869,1765461161652,100,1,2,delay100
1765461161805,870,870,1765461161703,102,3,2,delay100
1765461161855,871,871,1765461161753,102,0,2,delay100
1765461161906,872,872,1765461161805,101,1,2,delay100
1765461161956,873,873,1765461161855,101,0,2,delay100
1765461162007,874,874,1765461161906,101,1,2,delay100
1765461162058,875,875,1765461161957,101,1,2,delay100
1765461162108,876,876,1765461162007,101,0,2,delay100
1765461162159,877,877,1765461162057,102,1,2,delay100
1765461162208,878,878,1765461162108,100,1,2,delay100
1765461162261,879,879,1765461162158,103,3,2,delay100
1765461162312,880,880,1765461162209,103,1,2,delay100
1765461162361,881,881,1765461162260,101,1,2,delay100
1765461162411,882,882,1765461162311,100,0,2,delay100
1765461162462,883,883,1765461162361,101,1,2,delay100
1765461162512,884,884,1765461162412,100,0,2,delay100
1765461162563,885,885,1765461162463,100,1,2,delay100
1765461162614,886,886,1765461162513,101,1,2,delay100
1765461162664,887,887,1765461162564,100,0,2,delay100
1765461162716,888,888,1765461162614,102,2,2,delay100
1765461162766,889,889,1765461162665,101,0,2,delay100
1765461162817,890,890,1765461162716,101,1,2,delay100
1765461162867,891,891,1765461162767,100,0,2,delay100
1765461162918,892,892,1765461162817,101,1,2,delay100
1765461162968,893,893,1765461162868,100,0,2,delay100
1765461163021,894,894,1765461162919,102,3,2,delay100
1765461163070,895,895,1765461162969,101,1,2,delay100
1765461163121,896,896,1765461163020,101,1,2,delay100
1765461163172,897,897,1765461163071,101,1,2,delay100
1765461163222,898,898,1765461163121,101,0,2,delay100
1765461163273,899,899,1765461163172,101,1,2,delay100
1765461163324,900,900,1765461163223,101,1,2,delay100
1765461163375,901,901,1765461163273,102,1,2,delay100
1765461163424,902,902,1765461163324,100,1,2,delay100
1765461163476,903,903,1765461163374,102,2,2,delay100
1765461163526,904,904,1765461163425,101,0,2,delay100
1765461163576,905,905,1765461163476,100,0,2,delay100
1765461163627,906,906,1765461163527,100,1,2,delay100
1765461163678,907,907,1765461163577,101,1,2,delay100
1765461163730,908,908,1765461163628,102,2,2,delay100
1765461163780,909,909,1765461163679,101,0,2,delay100
1765461163830,910,910,1765461163729,101,0,2,delay100
1765461163880,911,911,1765461163780,100,0,2,delay100
1765461163931,912,912,1765461163831,100,1,2,delay100
1765461163982,913,913,1765461163881,101,1,2,delay100
1765461164034,914,914,1765461163932,102,2,2,delay100
1765461164084,915,915,1765461163983,101,0,2,delay100
1765461164135,916,916,1765461164033,102,1,2,delay100
1765461164185,917,917,1765461164084,101,0,2,delay100
1765461164237,918,918,1765461164135,102,2,2,delay100
1765461164287,919,919,1765461164186,101,0,2,delay100
1765461164339,920,920,1765461164236,103,2,2,delay100
1765461164388,921,921,1765461164287,101,1,2,delay100
1765461164438,922,922,1765461164338,100,0,2,delay100
1765461164489,923,923,1765461164388,101,1,2,delay100
1765461164539,924,924,1765461164439,100,0,2,delay100
1765461164590,925,925,1765461164489,101,1,2,delay100
1765461164641,926,926,1765461164540,101,1,2,delay100
1765461164692,927,927,1765461164591,101,1,2,delay100
1765461164742,928,928,1765461164641,101,0,2,delay100
1765461164792,929,929,1765461164692,100,0,2,delay100
1765461164843,930,930,1765461164742,101,1,2,delay100
1765461164893,931,931,1765461164793,100,0,2,delay100
1765461164945,932,932,1765461164843,102,2,2,delay100
1765461164994,933,933,1765461164893,101,1,2,delay100
1765461165045,934,934,1765461164944,101,1,2,delay100
1765461165095,935,935,1765461164994,101,0,2,delay100
1765461165145,936,936,1765461165045,100,0,2,delay100
1765461165196,937,937,1765461165095,101,1,2,delay100
1765461165247,938,938,1765461165146,101,1,2,delay100
1765461165298,939,939,1765461165196,102,1,2,delay100
1765461165348,940,940,1765461165247,101,0,2,delay100
1765461165399,941,941,1765461165298,101,1,2,delay100
1765461165449,942,942,1765461165348,101,0,2,delay100
1765461165500,943,943,1765461165399,101,1,2,delay100
1765461165553,944,944,1765461165450,103,3,2,delay100
1765461165603,945,945,1765461165500,103,0,2,delay100
1765461165654,946,946,1765461165551,103,1,2,delay100
1765461165705,947,947,1765461165602,103,1,2,delay100
1765461165755,948,948,1765461165653,102,0,2,delay100
1765461165803,949,949,1765461165703,100,2,2,delay100
1765461165854,950,950,1765461165754,100,1,2,delay100
1765461165904,951,951,1765461165804,100,0,2,delay100
1765461165955,952,952,1765461165854,101,1,2,delay100
1765461166005,953,953,1765461165905,100,0,2,delay100
1765461166056,954,954,1765461165955,101,1,2,delay100
1765461166107,955,955,1765461166006,101,1,2,delay100
1765461166157,956,956,1765461166057,100,0,2,delay100
1765461166208,957,957,1765461166107,101,1,2,delay100
1765461166259,958,958,1765461166158,101,1,2,delay100
1765461166309,959,959,1765461166208,101,0,2,delay100
1765461166360,960,960,1765461166259,101,1,2,delay100
1765461166411,961,961,1765461166309,102,1,2,delay100
1765461166461,962,962,1765461166360,101,0,2,delay100
1765461166513,963,963,1765461166411,102,2,2,delay100
1765461166563,964,964,1765461166462,101,0,2,delay100
1765461166613,965,965,1765461166512,101,0,2,delay100
1765461166663,966,966,1765461166562,101,0,2,delay100
1765461166714,967,967,1765461166613,101,1,2,delay100
1765461166765,968,968,1765461166664,101,1,2,delay100
1765461166816,969,969,1765461166714,102,1,2,delay100
1765461166867,970,970,1765461166765,102,1,2,delay100
1765461166917,971,971,1765461166816,101,0,2,delay100
1765461166967,972,972,1765461166866,101,0,2,delay100
1765461167018,973,973,1765461166917,101,1,2,delay100
1765461167070,974,974,1765461166968,102,2,2,delay100
1765461167119,975,975,1765461167018,101,1,2,delay100
1765461167171,976,976,1765461167070,101,2,2,delay100
1765461167221,977,977,1765461167120,101,0,2,delay100
1765461167272,978,978,1765461167171,101,1,2,delay100
1765461167323,979,979,1765461167221,102,1,2,delay100
1765461167373,980,980,1765461167272,101,0,2,delay100
1765461167424,981,981,1765461167323,101,1,2,delay100
1765461167475,982,982,1765461167374,101,1,2,delay100
1765461167525,983,983,1765461167424,101,0,2,delay100
1765461167576,984,984,1765461167475,101,1,2,delay100
1765461167627,985,985,1765461167525,102,1,2,delay100
1765461167678,986,986,1765461167576,102,1,2,delay100
1765461167731,987,987,1765461167627,104,3,2,delay100
1765461167784,988,988,1765461167678,106,3,2,delay100
1765461167830,989,989,1765461167728,102,4,2,delay100
1765461167880,990,990,1765461167779,101,0,2,delay100
1765461167931,991,991,1765461167829,102,1,2,delay100
1765461167981,992,992,1765461167880,101,0,2,delay100
1765461168032,993,993,1765461167931,101,1,2,delay100
1765461168083,994,994,1765461167981,102,1,2,delay100
1765461168133,995,995,1765461168032,101,0,2,delay100
1765461168183,996,996,1765461168082,101,0,2,delay100
1765461168234,997,997,1765461168133,101,1,2,delay100
1765461168284,998,998,1765461168183,101,0,2,delay100
1765461168335,999,999,1765461168234,101,1,2,delay100
1765461168386,1000,1000,1765461168284,102,1,2,delay100
1765461168436,1001,1001,1765461168335,101,0,2,delay100
1765461168487,1002,1002,1765461168385,102,1,2,delay100
1765461168537,1003,1003,1765461168436,101,0,2,delay100
1765461168588,1004,1004,1765461168487,101,1,2,delay100
1765461168638,1005,1005,1765461168537,101,0,2,delay100
1765461168689,1006,1006,1765461168588,101,1,2,delay100
1765461168739,1007,1007,1765461168638,101,0,2,delay100
1765461168789,1008,1008,1765461168688,101,0,2,delay100
1765461168839,1009,1009,1765461168738,101,0,2,delay100
1765461168892,1010,1010,1765461168789,103,3,2,delay100
1765461168941,1011,1011,1765461168839,102,1,2,delay100
1765461168991,1012,1012,1765461168890,101,0,2,delay100
1765461169040,1013,1013,1765461168940,100,1,2,delay100
1765461169091,1014,1014,1765461168990,101,1,2,delay100
1765461169142,1015,1015,1765461169040,102,1,2,delay100
1765461169192,1016,1016,1765461169091,101,0,2,delay100
1765461169243,1017,1017,1765461169142,101,1,2,delay100
1765461169295,1018,1018,1765461169192,103,2,2,delay100
1765461169343,1019,1019,1765461169243,100,2,2,delay100
1765461169396,1020,1020,1765461169294,102,3,2,delay100
1765461169446,1021,1021,1765461169344,102,0,2,delay100
1765461169498,1022,1022,1765461169396,102,2,2,delay100
1765461169547,1023,1023,1765461169446,101,1,2,delay100
1765461169599,1024,1024,1765461169498,101,2,2,delay100
1765461169649,1025,1025,1765461169548,101,0,2,delay100
1765461169701,1026,1026,1765461169599,102,2,2,delay100
1765461169751,1027,1027,1765461169649,102,0,2,delay100
1765461169802,1028,1028,1765461169700,102,1,2,delay100
1765461169851,1029,1029,1765461169751,100,1,2,delay100
1765461169903,1030,1030,1765461169801,102,2,2,delay100
1765461169954,1031,1031,1765461169852,102,1,2,delay100
1765461170005,1032,1032,1765461169903,102,1,2,delay100
1765461170055,1033,1033,1765461169954,101,0,2,delay100
1765461170105,1034,1034,1765461170004,101,0,2,delay100
1765461170157,1035,1035,1765461170055,102,2,2,delay100
1765461170207,1036,1036,1765461170106,101,0,2,delay100
1765461170258,1037,1037,1765461170157,101,1,2,delay100
1765461170308,1038,1038,1765461170207,101,0,2,delay100
1765461170359,1039,1039,1765461170258,101,1,2,delay100
1765461170410,1040,1040,1765461170308,102,1,2,delay100
1765461170461,1041,1041,1765461170359,102,1,2,delay100
1765461170512,1042,1042,1765461170410,102,1,2,delay100
1765461170562,1043,1043,1765461170461,101,0,2,delay100
1765461170613,1044,1044,1765461170512,101,1,2,delay100
1765461170664,1045,1045,1765461170563,101,1,2,delay100
1765461170715,1046,1046,1765461170613,102,1,2,delay100
1765461170766,1047,1047,1765461170664,102,1,2,delay100
1765461170816,1048,1048,1765461170715,101,0,2,delay100
1765461170867,1049,1049,1765461170766,101,1,2,delay100
1765461170917,1050,1050,1765461170816,101,0,2,delay100
1765461170968,1051,1051,1765461170867,101,1,2,delay100
1765461171019,1052,1052,1765461170917,102,1,2,delay100
1765461171069,1053,1053,1765461170968,101,0,2,delay100
1765461171119,1054,1054,1765461171019,100,0,2,delay100
1765461171170,1055,1055,1765461171069,101,1,2,delay100
1765461171220,1056,1056,1765461171119,101,0,2,delay100
1765461171272,1057,1057,1765461171170,102,2,2,delay100
1765461171322,1058,1058,1765461171220,102,0,2,delay100
1765461171373,1059,1059,1765461171272,101,1,2,delay100
1765461171425,1060,1060,1765461171322,103,2,2,delay100
1765461171476,1061,1061,1765461171372,104,1,2,delay100
1765461171525,1062,1062,1765461171423,102,1,2,delay100
1765461171575,1063,1063,1765461171474,101,0,2,delay100
1765461171626,1064,1064,1765461171524,102,1,2,delay100
1765461171676,1065,1065,1765461171575,101,0,2,delay100
1765461171728,1066,1066,1765461171626,102,2,2,delay100
1765461171777,1067,1067,1765461171676,101,1,2,delay100
1765461171829,1068,1068,1765461171727,102,2,2,delay100
1765461171879,1069,1069,1765461171778,101,0,2,delay100
1765461171931,1070,1070,1765461171829,102,2,2,delay100
1765461171983,1071,1071,1765461171880,103,2,2,delay100
1765461172032,1072,1072,1765461171931,101,1,2,delay100
1765461172084,1073,1073,1765461171983,101,2,2,delay100
1765461172135,1074,1074,1765461172034,101,1,2,delay100
1765461172186,1075,1075,1765461172084,102,1,2,delay100
1765461172237,1076,1076,1765461172135,102,1,2,delay100
1765461172288,1077,1077,1765461172186,102,1,2,delay100
1765461172342,1078,1078,1765461172237,105,4,2,delay100
1765461172391,1079,1079,1765461172288,103,1,2,delay100
1765461172441,1080,1080,1765461172339,102,0,2,delay100
1765461172491,1081,1081,1765461172390,101,0,2,delay100
1765461172542,1082,1082,1765461172440,102,1,2,delay100
1765461172593,1083,1083,1765461172491,102,1,2,delay100
1765461172644,1084,1084,1765461172542,102,1,2,delay100
1765461172695,1085,1085,1765461172593,102,1,2,delay100
1765461172746,1086,1086,1765461172643,103,1,2,delay100
1765461172795,1087,1087,1765461172695,100,1,2,delay100
1765461172847,1088,1088,1765461172746,101,2,2,delay100
1765461172898,1089,1089,1765461172796,102,1,2,delay100
1765461172949,1090,1090,1765461172847,102,1,2,delay100
1765461173000,1091,1091,1765461172898,102,1,2,delay100
1765461173051,1092,1092,1765461172949,102,1,2,delay100
1765461173101,1093,1093,1765461173000,101,0,2,delay100
1765461173152,1094,1094,1765461173051,101,1,2,delay100
1765461173203,1095,1095,1765461173101,102,1,2,delay100
1765461173255,1096,1096,1765461173152,103,2,2,delay100
1765461173304,1097,1097,1765461173203,101,1,2,delay100
1765461173355,1098,1098,1765461173254,101,1,2,delay100
1765461173406,1099,1099,1765461173305,101,1,2,delay100
1765461173458,1100,1100,1765461173355,103,2,2,delay100
1765461173508,1101,1101,1765461173406,102,0,2,delay100
1765461173559,1102,1102,1765461173457,102,1,2,delay100
1765461173610,1103,1103,1765461173508,102,1,2,delay100
1765461173659,1104,1104,1765461173558,101,1,2,delay100
1765461173710,1105,1105,1765461173609,101,1,2,delay100
1765461173760,1106,1106,1765461173659,101,0,2,delay100
1765461173811,1107,1107,1765461173710,101,1,2,delay100
1765461173861,1108,1108,1765461173761,100,0,2,delay100
1765461173912,1109,1109,1765461173811,101,1,2,delay100
1765461173962,1110,1110,1765461173861,101,0,2,delay100
1765461174013,1111,1111,1765461173912,101,1,2,delay100
1765461174064,1112,1112,1765461173962,102,1,2,delay100
1765461173500,1113,1113,1765461174013,-513,614,2,delay100
1765461173550,1114,1114,1765461174063,-513,0,2,delay100
1765461173601,1115,1115,1765461173499,102,1,2,delay100
1765461173652,1116,1116,1765461173549,103,1,2,delay100
1765461173702,1117,1117,1765461173600,102,0,2,delay100
1765461173753,1118,1118,1765461173650,103,1,2,delay100
1765461173803,1119,1119,1765461173701,102,0,2,delay100
1765461173853,1120,1120,1765461173752,101,0,2,delay100
1765461173903,1121,1121,1765461173802,101,0,2,delay100
1765461173954,1122,1122,1765461173853,101,1,2,delay100
1765461174004,1123,1123,1765461173903,101,0,2,delay100
1765461174054,1124,1124,1765461173953,101,0,2,delay100
1765461174105,1125,1125,1765461174004,101,1,2,delay100
1765461174155,1126,1126,1765461174055,100,0,2,delay100
1765461174206,1127,1127,1765461174105,101,1,2,delay100
1765461174256,1128,1128,1765461174156,100,0,2,delay100
1765461174308,1129,1129,1765461174207,101,2,2,delay100
1765461174358,1130,1130,1765461174257,101,0,2,delay100
1765461174409,1131,1131,1765461174308,101,1,2,delay100
1765461174460,1132,1132,1765461174359,101,1,2,delay100
1765461174511,1133,1133,1765461174410,101,1,2,delay100
1765461174561,1134,1134,1765461174460,101,0,2,delay100
1765461174612,1135,1135,1765461174511,101,1,2,delay100
1765461174662,1136,1136,1765461174561,101,0,2,delay100
1765461174713,1137,1137,1765461174612,101,1,2,delay100
1765461174764,1138,1138,1765461174662,102,1,2,delay100
1765461174814,1139,1139,1765461174713,101,0,2,delay100
1765461174865,1140,1140,1765461174764,101,1,2,delay100
1765461174916,1141,1141,1765461174815,101,1,2,delay100
1765461174966,1142,1142,1765461174865,101,0,2,delay100
1765461175017,1143,1143,1765461174916,101,1,2,delay100
1765461175068,1144,1144,1765461174967,101,1,2,delay100
1765461175120,1145,1145,1765461175018,102,2,2,delay100
1765461175169,1146,1146,1765461175069,100,1,2,delay100
1765461175220,1147,1147,1765461175119,101,1,2,delay100
1765461175270,1148,1148,1765461175170,100,0,2,delay100
1765461175321,1149,1149,1765461175221,100,1,2,delay100
1765461175373,1150,1150,1765461175272,101,2,2,delay100
1765461175422,1151,1151,1765461175322,100,1,2,delay100
1765461175473,1152,1152,1765461175373,100,1,2,delay100
1765461175525,1153,1153,1765461175424,101,2,2,delay100
1765461175575,1154,1154,1765461175474,101,0,2,delay100
1765461175626,1155,1155,1765461175525,101,1,2,delay100
1765461175676,1156,1156,1765461175576,100,0,2,delay100
1765461175727,1157,1157,1765461175627,100,1,2,delay100
1765461175778,1158,1158,1765461175677,101,1,2,delay100
1765461175829,1159,1159,1765461175728,101,1,2,delay100
1765461175879,1160,1160,1765461175779,100,0,2,delay100
1765461175930,1161,1161,1765461175829,101,1,2,delay100
1765461175981,1162,1162,1765461175880,101,1,2,delay100
1765461176032,1163,1163,1765461175931,101,1,2,delay100
1765461176082,1164,1164,1765461175982,100,0,2,delay100
1765461176134,1165,1165,1765461176033,101,2,2,delay100
1765461176185,1166,1166,1765461176084,101,1,2,delay100
1765461176235,1167,1167,1765461176134,101,0,2,delay100
1765461176287,1168,1168,1765461176185,102,2,2,delay100
1765461176337,1169,1169,1765461176236,101,0,2,delay100
1765461176389,1170,1170,1765461176286,103,2,2,delay100
1765461176437,1171,1171,1765461176337,100,2,2,delay100
1765461176489,1172,1172,1765461176388,101,2,2,delay100
1765461176540,1173,1173,1765461176439,101,1,2,delay100
1765461176590,1174,1174,1765461176489,101,0,2,delay100
1765461176641,1175,1175,1765461176540,101,1,2,delay100
1765461176692,1176,1176,1765461176591,101,1,2,delay100
1765461176742,1177,1177,1765461176642,100,0,2,delay100
1765461176793,1178,1178,1765461176692,101,1,2,delay100
1765461176844,1179,1179,1765461176743,101,1,2,delay100
1765461176895,1180,1180,1765461176794,101,1,2,delay100
1765461176945,1181,1181,1765461176844,101,0,2,delay100
1765461176996,1182,1182,1765461176895,101,1,2,delay100
1765461177046,1183,1183,1765461176946,100,0,2,delay100
1765461177097,1184,1184,1765461176996,101,1,2,delay100
1765461177149,1185,1185,1765461177047,102,2,2,delay100
1765461177198,1186,1186,1765461177098,100,1,2,delay100
1765461177249,1187,1187,1765461177148,101,1,2,delay100
1765461177300,1188,1188,1765461177199,101,1,2,delay100
1765461177350,1189,1189,1765461177249,101,0,2,delay100
1765461177400,1190,1190,1765461177300,100,0,2,delay100
1765461177451,1191,1191,1765461177351,100,1,2,delay100
1765461177501,1192,1192,1765461177401,100,0,2,delay100
1765461177552,1193,1193,1765461177451,101,1,2,delay100
1765461177603,1194,1194,1765461177502,101,1,2,delay100
1765461177654,1195,1195,1765461177552,102,1,2,delay100
1765461177704,1196,1196,1765461177603,101,0,2,delay100
1765461177755,1197,1197,1765461177654,101,1,2,delay100
1765461177805,1198,1198,1765461177704,101,0,2,delay100
1765461177856,1199,1199,1765461177755,101,1,2,delay100
1765461177907,1200,1200,1765461177805,102,1,2,delay100
1765461177957,1201,1201,1765461177856,101,0,2,delay100
1765461178008,1202,1202,1765461177907,101,1,2,delay100
1765461178058,1203,1203,1765461177958,100,0,2,delay100
1765461178109,1204,1204,1765461178009,100,1,2,delay100
1765461178160,1205,1205,1765461178059,101,1,2,delay100
1765461178210,1206,1206,1765461178109,101,0,2,delay100
1765461178261,1207,1207,1765461178160,101,1,2,delay100
1765461178311,1208,1208,1765461178211,100,0,2,delay100
1765461178362,1209,1209,1765461178261,101,1,2,delay100
1765461178413,1210,1210,1765461178312,101,1,2,delay100
1765461178463,1211,1211,1765461178363,100,0,2,delay100
1765461178514,1212,1212,1765461178413,101,1,2,delay100
1765461178564,1213,1213,1765461178464,100,0,2,delay100
1765461178615,1214,1214,1765461178514,101,1,2,delay100
1765461178665,1215,1215,1765461178565,100,0,2,delay100
1765461178716,1216,1216,1765461178615,101,1,2,delay100
1765461178769,1217,1217,1765461178666,103,3,2,delay100
1765461178817,1218,1218,1765461178717,100,2,2,delay100
1765461178870,1219,1219,1765461178767,103,3,2,delay100
1765461178920,1220,1220,1765461178818,102,0,2,delay100
1765461178969,1221,1221,1765461178869,100,1,2,delay100
1765461179020,1222,1222,1765461178919,101,1,2,delay100
1765461179070,1223,1223,1765461178970,100,0,2,delay100
1765461179121,1224,1224,1765461179020,101,1,2,delay100
1765461179171,1225,1225,1765461179071,100,0,2,delay100
1765461179222,1226,1226,1765461179121,101,1,2,delay100
1765461179272,1227,1227,1765461179172,100,0,2,delay100
1765461179323,1228,1228,1765461179222,101,1,2,delay100
1765461179374,1229,1229,1765461179273,101,1,2,delay100
1765461179425,1230,1230,1765461179324,101,1,2,delay100
1765461179475,1231,1231,1765461179374,101,0,2,delay100
1765461179526,1232,1232,1765461179425,101,1,2,delay100
1765461179578,1233,1233,1765461179476,102,2,2,delay100
1765461179628,1234,1234,1765461179526,102,0,2,delay100
1765461179677,1235,1235,1765461179577,100,1,2,delay100
1765461179729,1236,1236,1765461179628,101,2,2,delay100
1765461179779,1237,1237,1765461179678,101,0,2,delay100
1765461179829,1238,1238,1765461179729,100,0,2,delay100
1765461179880,1239,1239,1765461179779,101,1,2,delay100
1765461179931,1240,1240,1765461179830,101,1,2,delay100
1765461179982,1241,1241,1765461179881,101,1,2,delay100
1765461180032,1242,1242,1765461179931,101,0,2,delay100
1765461180083,1243,1243,1765461179982,101,1,2,delay100
1765461180133,1244,1244,1765461180032,101,0,2,delay100
1765461180184,1245,1245,1765461180083,101,1,2,delay100
1765461180234,1246,1246,1765461180133,101,0,2,delay100
1765461180285,1247,1247,1765461180184,101,1,2,delay100
1765461180336,1248,1248,1765461180235,101,1,2,delay100
1765461180388,1249,1249,1765461180286,102,2,2,delay100
1765461180437,1250,1250,1765461180336,101,1,2,delay100
1765461180488,1251,1251,1765461180387,101,1,2,delay100
1765461180538,1252,1252,1765461180437,101,0,2,delay100
1765461180589,1253,1253,1765461180488,101,1,2,delay100
1765461180640,1254,1254,1765461180539,101,1,2,delay100
1765461180691,1255,1255,1765461180589,102,1,2,delay100
1765461180741,1256,1256,1765461180640,101,0,2,delay100
1765461180792,1257,1257,1765461180691,101,1,2,delay100
1765461180842,1258,1258,1765461180742,100,0,2,delay100
1765461180893,1259,1259,1765461180792,101,1,2,delay100
1765461180944,1260,1260,1765461180843,101,1,2,delay100
1765461180994,1261,1261,1765461180893,101,0,2,delay100
1765461181045,1262,1262,1765461180944,101,1,2,delay100
1765461181096,1263,1263,1765461180995,101,1,2,delay100
1765461181147,1264,1264,1765461181045,102,1,2,delay100
1765461181199,1265,1265,1765461181096,103,2,2,delay100
1765461181248,1266,1266,1765461181147,101,1,2,delay100
1765461181299,1267,1267,1765461181198,101,1,2,delay100
1765461181352,1268,1268,1765461181249,103,3,2,delay100
1765461181400,1269,1269,1765461181299,101,2,2,delay100
1765461181451,1270,1270,1765461181350,101,1,2,delay100
1765461181501,1271,1271,1765461181400,101,0,2,delay100
1765461181552,1272,1272,1765461181451,101,1,2,delay100
1765461181602,1273,1273,1765461181502,100,0,2,delay100
1765461181653,1274,1274,1765461181552,101,1,2,delay100
1765461181704,1275,1275,1765461181603,101,1,2,delay100
1765461181754,1276,1276,1765461181654,100,0,2,delay100
1765461181806,1277,1277,1765461181704,102,2,2,delay100
1765461181856,1278,1278,1765461181755,101,0,2,delay100
1765461181906,1279,1279,1765461181806,100,0,2,delay100
1765461181958,1280,1280,1765461181856,102,2,2,delay100
1765461182009,1281,1281,1765461181908,101,1,2,delay100
1765461182060,1282,1282,1765461181958,102,1,2,delay100
1765461182110,1283,1283,1765461182009,101,0,2,delay100
1765461182161,1284,1284,1765461182060,101,1,2,delay100
1765461182212,1285,1285,1765461182110,102,1,2,delay100
1765461182261,1286,1286,1765461182161,100,1,2,delay100
